,,Total signal,1000,1000,1000,1000,#NAME?,1000,1000,1000,1000,1000,1000,1000,1000,1000,1000
,,0s,71%,75%,73%,74%,#NAME?,74%,70%,77%,68%,81%,75%,80%,76%,80%,65%
,,Data ID,079_P3_B04_serum_18C36_PWD_lean_0.mzXML,281_P3_F09_serum_18C41_PWD_lean_0.mzXML,285_P3_F11_serum_18C42_PWD_lean_0.mzXML,267_P3_F02_serum_NPC1_PWD_lean_0.mzXML,273_P3_F05_serum_NPC2_PWD_lean_0.mzXML,083_P3_B06_serum_NPC3_PWD_lean_0.mzXML,189_P3_D11_serum_18F50_PWD_obese_0.mzXML,091_P3_B10_serum_18F52_PWD_obese_0.mzXML,141_P3_C11_serum_18F54_PWD_obese_0.mzXML,367_P3_H04_serum_18F55_PWD_obese_0.mzXML,377_P3_H09_serum_18F57_PWD_obese_0.mzXML,173_P3_D03_serum_NPF1_PWD_obese_0.mzXML,335_P3_G12_serum_NPF2_PWD_obese_0.mzXML,237_P3_E11_serum_NPF4_PWD_obese_0.mzXML,033_P3_A05_serum_NPF5_PWD_obese_0.mzXML
,,Sample ID,18C36,18C41,18C42,NPC1,NPC2,NPC3,18F50,18F52,18F54,18F55,18F57,NPF1,NPF2,NPF4,NPF5
,,Phenotype,lean,lean,lean,lean,lean,lean,obese,obese,obese,obese,obese,obese,obese,obese,obese
,,Group,PWD,PWD,PWD,PWD,PWD,PWD,PWD,PWD,PWD,PWD,PWD,PWD,PWD,PWD,PWD
,,Compartment,Ser,Ser,Ser,Ser,Ser,Ser,Ser,Ser,Ser,Ser,Ser,Ser,Ser,Ser,Ser
,,Handling,Whole,Whole,Whole,Whole,Whole,Whole,Whole,Whole,Whole,Whole,Whole,Whole,Whole,Whole,Whole
,,96wPL No.,P3,P3,P3,P3,#NAME?,P3,P3,P3,P3,P3,P3,P3,P3,P3,P3
,,Address,B04,F09,F11,F02,F05,B06,D11,B10,C11,H04,H09,D03,G12,E11,A05
Lipid variable,Category,m/z,18C36,18C41,18C42,NPC1,NPC2,NPC3,18F50,18F52,18F54,18F55,18F57,NPF1,NPF2,NPF4,NPF5
CEXXX(16:03)_[M+Na]1+,SE,641.5268,0.04,0.001,0,0,0.011,0,0,0,0.052,0,0.192,0.02,0,0,0
CEXXX(18:00)_[M+Na]1+,SE,675.6051,0,0.003,0,0.003,0,0,0.025,0,0.005,0,0,0,0,0,0
CEXXX(18:02)_[M+Na]1+,SE,671.5738,0,0,0,0,0,0,0,0,0,0,0,0,0,0,0.108
CEXXX(20:04)_[M+NH4]1+,SE,690.6184,4.386,0.59,0.681,0,1.18,0,0,10.744,2.962,2.848,6.459,0,5.75,3.158,5.052
CEXXX(22:06)_[M+Na]1+,SE,719.5738,0,0,0,0,0,0,0.102,0,0,0,0.044,0,0,0,0.027
CEXXX(22:06)_[M+NH4]1+,SE,714.6184,0.407,0,0,0,0.052,0,0,1.221,0.049,0,0.101,0,0.348,0,0.313
CerXX(36:02)_[M+H-H2O]1+,Cer,546.5245,0,0,0,0,0,0.073,0,0,0,0,0,0,0.056,0.043,0
CerXX(39:01)_[M+H-H2O]1+,Cer,590.5871,0,0,0,0,0,0,0,0,0,0,1.574,0,0.024,0,0
CerXX(40:02)_[M+H]1+,Cer,620.5976,0,0,0,1.263,0,0,0,0,0,0,0,0,0,0,0
CerXX(41:02)_[M+H]1+,Cer,634.6133,0,0,0,0.298,0,0.08,0,0,0,0.088,0,0,0,0,0
CerXX(42:01)_[M+H-H2O]1+,Cer,632.634,0,0,0,0,0.05,0.032,0,0,0,0,0,0,0,0,0
CerXX(42:02)_[M+H-H2O]1+,Cer,630.6184,0.021,0,0.234,2.017,0,0,0,0,0,0,0,0,0.055,0,0.032
CerXX(43:03)_[M+H]1+,Cer,660.629,0,0,0,0,0,0,0,0,0,0,0,0,0,0,0
DGXXX(24:01)_[M+H-H2O]1+,TG,437.363,0.39,0.382,1.727,0.642,0.323,0.804,1.021,0.138,0.92,0.053,0.101,0.229,0.071,0.126,0.407
DGXXX(30:01)_[M+H-H2O]1+,TG,521.4564,0.06,0.25,5.891,3.294,0.035,0,8.758,0.1,0.814,0.07,0.201,0.099,0.392,0.073,2.712
DGXXX(30:02)_[M+H-H2O]1+,TG,519.4408,0,0.06,0.092,0,0,0.041,1.602,0,0,0.094,0.06,0,0,0,0.024
DGXXX(32:01)_[M+H-H2O]1+,TG,549.4877,5.86,17.622,24.467,30.866,6.611,4.976,50.522,5.7,13.464,8.199,9.994,7.238,12.148,10.203,10.199
DGXXX(33:01)_[M+H-H2O]1+,TG,563.5034,0,0,0.256,0,0,0,3.372,0.036,0.172,0,0,0,0.095,0,0.45
DGXXX(33:02)_[M+H-H2O]1+,TG,561.4877,0,0.05,0,0.067,0,0,0.944,0,0.043,0,0,0,0,0.064,0.025
DGXXX(33:03)_[M+H-H2O]1+,TG,559.4721,0,0,0,0,0,0,0,0,0,0,0,0.094,0,0,0.022
DGXXX(34:01)_[M+H-H2O]1+,TG,577.519,45.371,93.091,99.649,113.556,38.086,33.386,179.085,33.962,58.893,42.917,49.937,47.286,60.433,57.48,41.471
DGXXX(34:02)_[M+NH4]1+,TG,610.5405,0,0,0.069,0.088,0,0,0,0,0,0,0,0,0.1,0.138,0
DGXXX(34:03)_[M+H-H2O]1+,TG,573.4877,1.682,3.054,6.535,5.162,0.054,0,44.549,0.047,6.199,0,0,0,0.257,0,0.734
DGXXX(35:01)_[M+H-H2O]1+,TG,591.5347,0,0,0.249,0.187,0,0,0.557,0,0.059,0,0,0,0,0,0.057
DGXXX(35:02)_[M+H-H2O]1+,TG,589.519,0,0,0,0,0,0,2.416,0,0,0,0,0,0,0,0.053
DGXXX(35:03)_[M+H-H2O]1+,TG,587.5034,0,0,0,0,0,0,0.321,0,0,0,0,0,0,0,0
DGXXX(35:05)_[M+NH4]1+,TG,618.5092,0.034,0.052,0,0.196,0,0,0.076,0,0.061,0,0,0.087,0,0,0
DGXXX(36:03)_[M+H-H2O]1+,TG,601.519,10.981,17.303,22.717,22.21,2.154,0,148.537,4.34,22.447,1.161,1.504,0,9.462,0.078,5.38
DGXXX(36:04)_[M+H-H2O]1+,TG,599.5034,3.028,5.063,10.593,6.848,0.69,0.318,65.595,0.383,9.143,0,0.276,0,3.594,0,1.833
DGXXX(37:03)_[M+H-H2O]1+,TG,615.5347,0,0,0,0,0,0,0,0,0,0,0,0,0,0,0
DGXXX(38:01)_[M+H-H2O]1+,TG,633.5816,0,0,0,0,0,0,0,0,0,0,0,0,0,0,0
DGXXX(38:03)_[M+NH4]1+,TG,664.5875,0,0,0,0,0,0.065,0,0,0,0,0,0,0,0,0
DGXXX(38:04)_[M+H-H2O]1+,TG,627.5347,7.502,9.896,10.265,10.773,7.48,7.223,0.588,5.664,6.67,10.377,8.806,5.558,10.831,4.765,6.956
DGXXX(40:06)_[M+H-H2O]1+,TG,651.5347,0.598,0.048,0,5.478,0,0,0.057,0.034,0,0.018,0,0,0,0.052,0
DGXXX(40:10)_[M+NH4]1+,TG,678.5092,0,0,0,0,0,0,0,0,0,0,0,0,0,0,0
DGXXX(41:02)_[M+NH4]1+,TG,708.6501,0,0,0,0,0,0,0,0,0,0,0,0,0,0,0
DGXXX(41:06)_[M+NH4]1+,TG,700.5875,0,0,0.071,0,0,0,0,0,0,0,0,0,0,0,0.049
DGXXX(42:06)_[M+NH4]1+,TG,714.6031,0.407,0,0,0,0,0,0,1.221,0.035,0,0.087,0,0.348,0.075,0.313
DGXXX(42:07)_[M+NH4]1+,TG,712.5875,0,0,0,0,0,0.052,0,0.032,0,0,0,0,0,0,0
DGXXX(42:08)_[M+H-H2O]1+,TG,675.5347,0,0,0,0,0,0,0,0.214,0.105,0.097,0.12,0.09,0,0.061,0.379
DGXXX(42:10)_[M+NH4]1+,TG,706.5405,0,0,0,0.073,0.034,0.079,0,0,0,0,0,0.07,0,0.06,0.071
DGXXX(44:04)_[M+H-H2O]1+,TG,711.6286,0,0,0,0,0,0.049,0,0,0,0,0,0,0,0,0
DGXXX(44:06)_[M+H-H2O]1+,TG,707.5973,0,0,0,0,0,0.105,0,0,0,0,0,0,0,0,0.008
DGXXX(44:07)_[M+H-H2O]1+,TG,705.5816,0.088,0,0,0,0.151,0.046,0,0.509,0.187,0.381,0.407,0,0.311,0.076,0.39
DGXXX(44:09)_[M+H-H2O]1+,TG,701.5503,0.369,0.101,0.06,0,0.538,0.055,0,0.864,0.192,1.126,1.315,0,0.74,0.112,0.473
DGXXX(46:00),TG,782.7601,0,0,0,0,0,0,0,0,0,0,0,0,0,0,0.034
LPCXX(16:00)_[M+H]1+,LPC,496.3398,306.013,264.38,239.398,243.542,317.636,253.795,1.618,265.096,189.775,242.398,232.332,177.207,232.375,255.623,218.619
LPCXX(18:00)_[M+H]1+,LPC,524.3716,197.181,146.2,175.632,92.63,195.135,111.287,0.779,261.665,138.529,214.119,191.529,129.843,188.486,200.087,159.079
LPCXX(18:01)_[M+H]1+,LPC,522.3559,137.744,109.666,96.383,119.67,160.373,201.836,0.073,91.132,109.961,79.26,115.491,179.379,108.777,184.756,206.999
LPEXX(18:01)_[M+H]1+ / LPCXX(15:01)_[M+H]1+,LPE,480.3085,0,0,0,0,0.062,0.186,0,0.089,0,0,0,0.095,0.075,0.008,0.184
LPEXX(22:06)_[M+H]1+,LPE,526.2928,0.611,0.199,0.081,1.961,0.75,1.052,1.276,0.296,0.503,0.682,0.102,2.43,0.183,0.404,0.986
LPIXX(20:02)_[M+Na]1+,LPI,647.3167,0,0,0,0,0,0,0,0,0,0,0,0,0,0,0.013
LPIXX(20:04)_[M+NH4]1+,LPI,638.33,0,0,0,0,0.026,0,0,0,0,0,0,0.164,0,0,0
LPIXX(22:04)_[M+H]1+,LPI,649.3347,0,0.058,0,0,0.052,0,0.127,0,0.047,0,0,5.454,0,0,0
LPSXX(17:01)_[M+H]1+,LPS,510.2826,0,0.112,0.062,0.077,0,0.07,0,0.048,0.142,0.047,0.042,0.119,0.054,0,0
LPSXX(20:05)_[M+H]1+,LPS,544.267,0,0,0,0,0,0,0,0,0,0,0,0,0,0,0
PAXXX(33:03)_[M+Na]1+,PA,679.4309,0.036,2.221,3.738,22.562,0.309,0.048,14.957,0.207,7.545,1.288,0.07,0.794,0,0.041,0.033
PAXXX(35:00)_[M+Na]1+,PA,713.5092,0,0,1.273,0.77,0,0,2.077,0,0.316,0,0,0,0,0,0
PAXXX(38:05)_[M+Na]1+,PA,745.4779,0,0,0,0,0,0,0,0,0,0,0,0.066,0,0,0
PAXXX(40:05)_[M+Na]1+,PA,773.5092,0,0,0,0,0,0,0,0,0,0,0.026,0,0,0,0.012
PAXXX(42:04)_[M+Na]1+,PA,803.5561,0.026,0,0,0,0.04,0,0,0,0,0,0,0,0,0,0
PAXXX(42:05)_[M+Na]1+,PA,801.5405,0,0,0,0,0,0,0.048,0,0,0,0,0,0,0,0
PAXXX(42:08)_[M+Na]1+,PA,795.4935,0.032,0,0,0,0,0,0.051,0,0,0,0,0,0,0,0.061
PAXXX(42:09)_[M+Na]1+,PA,793.4779,0,0,0,0,0,0,0,0,0,0,0,0,0,0,0
PAXXX(43:04)_[M+Na]1+,PA,817.5718,0.029,0.023,0.045,0,0,0,0.095,0,0,0,0,0,0,0,0
PAXXX(43:06)_[M+Na]1+,PA,813.5405,0,0,0.006,0.056,0,0,0.043,0,0.018,0,0,0,0,0,0
PAXXX(44:12)_[M+Na]1+,PA,815.4622,0,0,0,0,0,0,0,0,0,0,0,0,0,0,0
PCXXX(28:00)_[M+H]1+,PC,678.5074,0,0,0,0,0,0,0,0,0,0,0,0,0,0,0
PCXXX(30:00)_[M+H]1+,PC,706.5387,0,0,0,0.073,0.039,0.079,0,0,0,0,0,0.07,0,0.06,0.071
PCXXX(30:05)_[M+H]1+,PC,696.4605,0,0,0,0,0,0,0.027,0.055,0,0,0.047,0.108,0,0,0
PCXXX(32:02)_[M+H]1+,PC,730.5387,0,0,0,0,0,0.248,0,0,0,0.051,0.018,0,0.051,0,0.026
PCXXX(34:01)_[M+H]1+,PC,760.5851,42.658,48.765,42.382,69.168,41.801,73.386,0.868,27.54,93.668,47.4,57.078,53.91,34.861,49.111,55.766
PCXXX(34:03)_[M+H]1+,PC,756.5543,0.836,1.143,0.228,0.24,1.08,12.085,0,1.775,0.883,0.777,1.175,8.652,2.172,0.672,2.028
PCXXX(36:01)_[M+H]1+,PC,788.6169,7.857,5.582,6.447,14.135,6.972,5.094,0,6.549,23.705,8.803,11.877,6.39,8.209,14.713,14.847
PCXXX(36:02)_[M+H]1+,PC,786.6013,36.654,44.098,40.226,26.484,52.146,55.56,0.433,81.617,59.266,83.096,79.344,84.923,87.14,72.815,67.96
PCXXX(36:03)_[M+H]1+,PC,784.5851,16.266,18.594,14.727,11.471,24.699,36.928,0.335,16.326,30.066,19.15,24.718,47.406,26.351,30.674,32.164
PCXXX(36:04)_[M+H]1+,PC,782.57,24.389,43.636,33.943,24.819,36.36,87.893,4.386,43.992,40.977,70.242,56.03,97.137,48.489,28.566,25.477
PCXXX(38:01)_[M+H]1+,PC,816.6482,0.021,0,0,0,0,0,0,0,0,0,3.201,0,0,0,0
PCXXX(38:03)_[M+H]1+,PC,812.6169,4.08,3.467,3.454,0.338,5.11,2.696,0,3.536,12.911,4.481,7.286,5.962,4.677,7.464,8.981
PCXXX(38:04)_[M+H]1+,PC,810.6013,17.397,23.865,26.51,11.971,24.633,35.345,1.157,39.59,29.247,60.784,41.882,49.048,35.437,22.667,19.772
PCXXX(38:05)_[M+H]1+,PC,808.5856,7.931,8.951,8.797,5.143,10.169,18.392,0,7.074,11.591,10.465,10.173,22.207,10.919,9.328,10.491
PCXXX(38:06)_[M+H]1+,PC,806.57,17.44,20.051,17.623,14.274,24.345,33.303,0.042,22.32,22.737,47.674,31.587,44.648,31.706,18.752,13.811
PCXXX(40:04)_[M+H]1+,PC,838.6326,0,0.051,0,0,0,0,0.048,0,0,0,0,0,0,0,0
PCXXX(40:07)_[M+H]1+,PC,832.5851,2.481,1.442,1.202,0.377,3.405,4.405,0,1.918,3.578,3.63,2.836,5.084,3.847,2.162,2.995
PCXXX(40:08)_[M+H]1+,PC,830.5694,0.219,0.061,0.086,0.067,0.045,0.34,0,0.153,0.098,0,0.187,0.255,0.046,0,0.12
PCXXX(40:10)_[M+H]1+,PC,826.5381,0,0.068,0,0,0,0,0,0,0,0,0,0,0,0,0
PCXXX(42:04)_[M+H]1+,PC,866.6633,0,0,0,0,0,0,0,0,0,0,0,0,0,0,0
PCXXX(44:00)_[M+H]1+,PC,902.7578,0,0,0,0,0,0,0,0,0,0,0,0,0,0,0
PC-OX(35:03)_[M+H]1+,PC-O,756.5902,0,0,0,0,0,0,0,0,0,0,0,0,0,0,0
PC-OX(20:01)_[M+H]1+,PC-O,550.3867,2.367,0.204,0.096,0,0.859,0.142,0,0.146,0.068,0,0.057,0,0.112,0.166,2.853
PC-OX(26:03)_[M+H]1+,PC-O,630.4498,0,0,0,0,0,0,0.084,0,0.151,0,0,0,0,0,0.046
PC-OX(32:00)_[M+H]1+,PC-O,720.5902,0,0,0,0,0,0,0,0,0,0,0,0,0,0,0
PC-OX(32:01)_[M+H]1+,PC-O,718.575,0,0,0,0,0,0.061,0,0,0,0,0,0,0,0.027,0
PC-OX(34:01)_[M+H]1+,PC-O,746.6063,0.026,0,0,0,0.058,0,0.043,0,0.039,0,0,0,0,0,0
PC-OX(34:02)_[M+H]1+,PC-O,744.5902,0,0,0,0,0,0.034,0,0,0,0,0,0,0,0,0
PC-OX(34:03)_[M+H]1+,PC-O,742.575,0,0,0,0.066,0,0.052,0,0,0,0,0,0,0,0,0.03
PC-OX(36:01)_[M+H]1+,PC-O,774.6376,0,0,0,0,0,0,0,0,0,0,0,0.04,0,0,0
PC-OX(36:02)_[M+H]1+,PC-O,772.6215,0,0,0,0,0,0,0,0,0,0,3.696,0,0,0,0
PC-OX(36:03)_[M+H]1+,PC-O,770.6058,0,0,0,0,0,0,0,0,0,0,0,0,0,0,0.031
PC-OX(36:05)_[M+H]1+,PC-O,766.5745,0,0,0,0,0,0,0,0,0,0.049,0,0.124,0.054,0.205,0
PC-OX(37:03)_[M+H]1+,PC-O,784.622,0.017,0,0,0,0,2.009,0,0.019,0.06,0,0,0,0,0,0.093
PC-OX(38:04)_[M+H]1+,PC-O,796.6215,0,0,0,0,0,0,0,0,0,0.044,0,0,0,0,0
PC-OX(39:06)_[M+H]1+,PC-O,806.6063,0,0.039,0.061,0,0.123,0.036,0,0.024,0,0.093,0.056,0,0.034,0,0
PC-OX(40:04)_[M+H]1+,PC-O,824.6528,0,0,0,0,0,0,0,0,0,0,0,0,0,0,0
PC-OX(40:08)_[M+H]1+,PC-O,816.5907,0,0,0,0,0,0,0,0,0.003,0,0,0,0,0,0
PC-OX(41:04)_[M+H]1+,PC-O,838.6689,0,0,0,0,0,0,0,0,0,0.06,0,0,0,0,0
PC-OX(42:05)_[M+H]1+,PC-O,850.6689,0.023,0,0,0.058,0,0,0,0,0,0,0,0,0,0,0.017
PC-OX(42:09)_[M+H]1+,PC-O,842.6063,0,0,0,0,0,0,0,0,0,0,0,0,0,0,0
PC-OX(42:10)_[M+H]1+,PC-O,840.5907,0,0,0,0,0.034,0.05,0,0,0,0,0,0.048,0,0,0.018
PC-OX(42:11)_[M+H]1+,PC-O,838.575,0,0,0,0,0,0,0,0,0,0,0,0,0,0,0
PC-OX(44:07)_[M+H]1+,PC-O,874.6689,0,0,0,0,0,0,0,0,0,0,0,0,0,0,0
PEXXX(32:06)_[M+H]1+,PE,680.4291,0.02,0.362,0.382,9.805,0.034,0,6.208,0,2.654,0,0,0,0,0,0.084
PEXXX(34:00)_[M+H]1+,PE,720.5543,0,0,0,0,0,0,0,0,0,0,0,0,0,0,0
PEXXX(34:01)_[M+H]1+,PE,718.5387,0,0,0,0,0,0.033,0,0,0,0,0,0,0,0,0
PEXXX(36:00)_[M+H]1+,PE,748.5856,0,0,0,0,0,0,0,0,0,0,0,0.088,0,0,0.019
PEXXX(36:02)_[M+H]1+,PE,744.5543,0,0,0,0.112,0,0,0.12,0,0.056,0.049,0.035,0,0,0,0.072
PEXXX(38:01)_[M+H]1+,PE,774.6013,0.05,0,0,0,0,0.076,0,0,0.162,0,1.439,0,0,0.11,0.475
PEXXX(38:02)_[M+H]1+,PE,772.5857,0.281,0.25,0,0,0.15,0.39,0,0.491,0.332,0.222,0.28,0.287,0.383,0.312,1.58
PEXXX(40:10)_[M+H]1+,PE,784.4912,0.029,0,0,0,0,0.048,0,0.03,0,0,0.047,0,0,0,0.026
PEXXX(42:03)_[M+H]1+,PE,826.632,0,0,0,0,0,0.036,0,0,0,0,0,0,0.028,0.035,0
PEXXX(42:09)_[M+H]1+,PE,814.5381,0,0,0,0.07,0,0,0,0,0.041,0,0,0,0,0,0
PE-OX(36:04)_[M+H]1+,PE-O,726.5432,0,0,0,0,0,0,0,0,0,0,0,0,0,0,0
PE-OX(42:06)_[M+H]1+,PE-O,806.6058,0,0.039,0.061,0,0.123,0.036,0,0.024,0,0.093,0.056,0,0.034,0,0
PE-OX(40:08)_[M+H]1+,PE-O,774.5432,0,0,0,0,0,0,0,0.049,0,0,0.032,0,0,0,0.031
PGXXX(32:00)_[M+Na]1+,PG,745.499,0,0,0,0,0,0,0,0,0,0,0,0,0,0,0
PGXXX(33:02)_[M+H]1+,PG,733.5014,0,0,0,0,0,0,0,0,0,0,0,0,0,0,0
PGXXX(33:03)_[M+Na]1+,PG,753.4677,0,0,0,0,0,0.043,0,0,0,0,0,0,0,0,0
PGXXX(34:00)_[M+NH4]1+,PG,768.5749,2.042,0.48,0.247,0.156,1.086,5.429,1.922,2.359,0.511,0.229,0.29,2.711,0.368,1.792,1.681
PGXXX(34:01)_[M+Na]1+,PG,771.5147,0,0,0.116,0,0,0.068,0,0,0.022,0,0,0,0.026,0,0
PGXXX(34:03)_[M+H]1+,PG,745.5014,0,0,0,0,0,0,0,0,0,0,0,0,0,0,0
PGXXX(35:06)_[M+H]1+,PG,753.4701,0,0,0,0,0,0.043,0,0,0,0,0,0,0,0,0
PGXXX(36:00)_[M+H]1+,PG,779.5797,0,0,0,0.052,0,0,0,0,0,0,0,0,0,0,0
PGXXX(36:01)_[M+Na]1+,PG,799.546,0,0,0,0,0,0,0,0,0,0,0,0,0,0,0
PGXXX(36:02)_[M+H]1+,PG,775.5484,0,0,0,0,0,0,0,0,0,0,0,0,0,0,0
PGXXX(36:03)_[M+H]1+,PG,773.5327,0,0,0,0,0,0,0,0,0,0,0,0,0,0,0
PGXXX(36:03)_[M+Na]1+,PG,795.5147,0.012,0,0,0,0,0,0.029,0,0,0,0,0,0,0,0.017
PGXXX(36:04)_[M+H]1+,PG,771.5171,0,0,0.044,0,0,0.068,0,0,0,0,0,0,0.005,0,0
PGXXX(37:01)_[M+Na]1+,PG,813.5616,0,0,0.054,0,0,0,0,0,0,0,0.15,0,0,0,0
PGXXX(37:06)_[M+H]1+,PG,781.5014,0,0,0,0,0.048,0,0,0,0,0,0.047,0,0,0.053,0
PGXXX(37:06)_[M+Na]1+,PG,803.4834,0,0,0,0,0,0,0,0,0,0,0,0,0,0,0
PGXXX(38:00)_[M+H]1+,PG,807.611,0,0,0,0,0.078,0,0,0,0,0,0,0.059,0.031,0,0
PGXXX(38:05)_[M+H]1+,PG,797.5327,0,0,0.112,0.408,0,0.004,0.318,0.026,0,0,0,0,0,0,0
PGXXX(38:06)_[M+H]1+,PG,795.5171,0,0,0,0,0,0,0.029,0,0,0,0,0,0,0,0
PGXXX(39:00)_[M+H]1+,PG,821.6266,0.014,0,0,0,0.067,0,0.091,0,0.046,0,0,0.003,0,0,0
PGXXX(39:00)_[M+Na]1+,PG,843.6086,0,0,0,0,0,0,0,0,0,0,0,0,0,0,0
PGXXX(39:01)_[M+Na]1+,PG,841.5929,0,0,0,0,0,0,0,0,0,0,0,0,0,0,0
PGXXX(39:02)_[M+H]1+,PG,817.5953,0,0,0,0,0,0,0,0,0,0,0,0,0,0,0
PGXXX(39:04)_[M+H]1+,PG,813.564,0,0,0.054,0,0,0,0,0,0,0,0.15,0,0,0,0
PGXXX(39:07)_[M+Na]1+,PG,829.499,0,0,0.053,0,0,0,0.049,0,0.069,0,0,0.309,0,0,0
PGXXX(41:01)_[M+Na]1+,PG,869.6242,0.014,0,0,0,0,0,0.031,0,0,0,0,0,0,0,0
PGXXX(42:05)_[M+H]1+,PG,853.5953,0,0,0,0,0.128,0,0,0,0,0,0,0,0,0.122,0
PGXXX(42:10)_[M+H]1+,PG,843.5171,0,0,0.07,0,0,0,0.042,0,0,0,0,0,0,0,0
PGXXX(43:04)_[M+H]1+,PG,869.6266,0,0,0,0,0,0,0.031,0,0,0,0,0,0,0,0
PGXXX(44:12)_[M+Na]1+,PG,889.499,0,0,0,0,0,0,0,0,0,0,0,0,0,0,0
PG-OX(32:01)_[M+NH4]1+,PG-O,724.5487,0.003,0,0,0,0.002,0.034,0,0,0,0,0,0,0,0,0
PG-OX(34:01)_[M+NH4]1+,PG-O,752.58,0,0,0,0,0,0,0,0,0.024,0,0,0,0,0,0
PG-OX(37:02)_[M+Na]1+,PG-O,797.5667,0,0,0.002,0,0,0,0,0,0,0,0,0,0,0,0
PG-OX(39:00)_[M+Na]1+,PG-O,829.6293,0,0,0,0,0,0,0,0,0,0,0,0,0,0,0
PG-OX(40:00)_[M+NH4]1+,PG-O,838.6895,0,0,0,0,0,0,0,0,0,0.062,0,0,0,0,0.023
PG-OX(40:06)_[M+Na]1+,PG-O,831.551,0.015,0,0.093,0,0,0.041,0,0,0.041,0,0,0,0,0,0
PG-OX(42:06)_[M+Na]1+,PG-O,859.5823,0,0,0,0,0,0,0,0,0,0,0,0,0,0,0
PG-OX(39:02)_[M+Na]1+,PG-O,825.598,0,0,0,0,0,0,0,0,0,0,0,0,0,0,0
PG-OX(42:03)_[M+Na]1+,PG-O,865.6293,0.016,0,0,0,0,0,0,0,0,0,0,0,0,0,0
PIXXX(26:00)_[M+NH4]1+,PI,744.4658,0.027,0,0,0,0.094,0.049,0,0,0,0,0,0,0.031,0,0.022
PIXXX(29:01)_[M+Na]1+,PI,789.4525,0,0,0,0.051,0.096,0,0,0,0,0,0,0,0,0,0
PIXXX(30:01)_[M+H]1+,PI,781.4862,0,0,0,0,0,0,0,0,0,0,0,0,0,0,0
PIXXX(30:02)_[M+Na]1+,PI,801.4525,0,0,0,0,0,0,0,0,0,0,0,0,0,0,0
PIXXX(30:03)_[M+NH4]1+,PI,794.4814,0,0,0,0,0,0,0,0,0,0,0,0,0,0,0
PIXXX(34:03)_[M+Na]1+,PI,855.4994,0,0.026,0,0,0,0,0,0,0,0,0,0,0,0,0
PIXXX(36:04)_[M+Na]1+,PI,881.5151,0,0,0,0,0,0,0,0,0,0,0,0,0,0,0
PIXXX(37:04)_[M+Na]1+,PI,895.5307,0,0,0,0,0,0,0.037,0,0,0,0,0,0,0,0
PIXXX(37:06)_[M+Na]1+,PI,891.4994,0,0,0,0,0.088,0,0,0,0,0,0,0,0,0,0
PIXXX(37:07)_[M+Na]1+,PI,889.4838,0,0,0,0,0,0,0,0.026,0,0,0,0,0,0,0
PIXXX(38:07)_[M+H]1+,PI,881.5175,0,0,0,0,0,0,0,0,0,0,0,0,0,0,0
PIXXX(39:08)_[M+Na]1+,PI,915.4994,0,0,0,0,0,0,0,0,0,0,0,0,0,0,0
PIXXX(39:08)_[M+NH4]1+,PI,910.544,0.017,0,0,0,0,0,0,0,0,0,0,0,0,0,0
PIXXX(40:07)_[M+H]1+,PI,909.5488,0,0,0,0,0,0,0,0,0.048,0,0,0,0,0,0
PIXXX(41:00)_[M+H]1+,PI,937.674,0,0.001,0.004,0,0,0,0.005,0,0,0,0,0,0,0,0
PIXXX(41:01)_[M+Na]1+,PI,957.6403,0,0,0,0,0,0,0,0,0,0,0,0,0,0,0
PIXXX(42:04)_[M+Na]1+,PI,965.609,0,0,0,0,0,0,0,0,0,0,0,0,0,0,0
PIXXX(42:06)_[M+H]1+,PI,939.5957,0,0,0.067,0.086,0,0,0,0.062,0,0,0,0,0,0,0
PIXXX(42:09)_[M+NH4]1+,PI,950.5753,0,0,0,0,0,0,0,0,0,0,0,0,0,0,0
PIXXX(43:04)_[M+H]1+,PI,957.6427,0,0,0,0,0,0,0,0,0,0,0,0,0,0,0
PIXXX(44:07)_[M+H]1+,PI,965.6114,0,0,0,0,0,0,0,0,0,0,0,0,0,0,0
PI-OX(31:01)_[M+Na]1+,PI-O,803.5045,0,0,0,0,0,0.059,0,0,0,0,0,0,0,0,0
PI-OX(32:01)_[M+H]1+,PI-O,795.5382,0,0,0,0,0,0,0,0,0,0,0,0,0,0,0
PI-OX(33:01)_[M+NH4]1+,PI-O,826.5804,0,0,0,0,0,0,0,0,0,0,0,0,0,0,0
PI-OX(34:00)_[M+NH4]1+,PI-O,842.6117,0,0,0,0,0,0,0,0,0,0,0,0,0,0,0
PI-OX(34:01)_[M+H]1+,PI-O,823.5695,0,0,0,0,0,0.044,0,0,0,0,0,0,0,0,0
PI-OX(34:02)_[M+NH4]1+,PI-O,838.5804,0,0,0,0,0,0,0,0,0,0,0,0,0,0,0
PI-OX(34:03)_[M+Na]1+,PI-O,841.5201,0,0,0,0,0,0,0,0,0,0,0,0.079,0,0,0
PI-OX(35:01)_[M+Na]1+,PI-O,859.5671,0,0,0,0,0,0,0,0,0.035,0,0,0,0,0.002,0
PI-OX(35:02)_[M+Na]1+,PI-O,857.5514,0.016,0,0,0,0,0,0,0,0,0,0,0,0,0,0
PI-OX(36:00)_[M+NH4]1+,PI-O,870.643,0,0,0,0,0,0,0,0,0,0,0,0,0,0,0
PI-OX(36:05)_[M+H]1+,PI-O,843.5382,0,0,0.032,0,0,0,0.039,0,0,0,0,0,0,0,0
PI-OX(36:05)_[M+NH4]1+,PI-O,860.5647,0,0,0,0,0,0,0,0,0.051,0,0,0,0.033,0,0
PI-OX(37:01)_[M+H]1+,PI-O,865.6164,0.015,0,0,0,0,0,0,0,0,0,0,0,0,0,0
PI-OX(38:00)_[M+NH4]1+,PI-O,898.6743,0,0,0,0,0,0,0,0,0,0,0,0,0,0,0
PI-OX(38:01)_[M+NH4]1+,PI-O,896.6586,0,0,0,0,0,0,0,0,0,0,0,0,0,0,0
PI-OX(38:02)_[M+H]1+,PI-O,877.6164,0,0,0,0,0,0,0,0,0,0,0,0,0,0,0
PI-OX(38:02)_[M+NH4]1+,PI-O,894.643,0,0,0,0,0,0,0,0,0,0,0,0,0,0,0
PI-OX(38:04)_[M+H]1+,PI-O,873.5851,0,0,0,0,0,0,0,0,0,0,0,0,0,0,0
PI-OX(40:00)_[M+NH4]1+,PI-O,926.7056,0,0,0,0,0,0,0,0,0,0,0,0,0,0,0
PI-OX(40:02)_[M+Na]1+,PI-O,927.6297,0,0,0,0,0,0,0,0,0,0,0,0,0,0,0
PI-OX(40:02)_[M+NH4]1+,PI-O,922.6743,0,0,0,0,0,0,0,0,0,0,0,0.06,0,0,0.013
PI-OX(40:06)_[M+Na]1+,PI-O,919.5671,0,0,0,0,0,0,0,0,0,0,0,0,0,0,0
PI-OX(29:01)_[M+Na]1+,PI-O,775.4732,0,0,0,0.084,0,0,0,0,0,0.065,0,0,0,0,0
PI-OX(33:03)_[M+NH4]1+,PI-O,822.5491,0,0,0,0,0,0,0,0,0,0,0,0,0,0,0
PI-OX(34:05)_[M+Na]1+,PI-O,837.4888,0,0,0,0,0,0,0,0.05,0,0,0,0.186,0,0,0
PI-OX(36:06)_[M+H]1+,PI-O,841.5225,0,0,0,0,0,0,0,0,0,0,0,0.079,0,0,0
PI-OX(36:06)_[M+NH4]1+,PI-O,858.5491,0,0,0,0,0,0,0,0,0.045,0,0,0,0,0,0
PI-OX(41:01)_[M+H]1+,PI-O,921.679,0,0,0,0.057,0,0,0,0,0,0,0,0,0,0,0
PI-OX(42:03)_[M+NH4]1+,PI-O,948.6899,0,0,0,0,0,0,0,0,0,0,0.123,0,0,0,0
PI-OX(42:05)_[M+H]1+,PI-O,927.6321,0,0,0,0,0,0,0,0,0,0,0,0,0,0,0
PI-OX(42:05)_[M+NH4]1+,PI-O,944.6586,0.022,0,0,0,0,0,0,0,0,0,0,0,0,0,0
PSXXX(28:00)_[M+Na]1+,PS,702.4317,0,0,0.004,0,0,0.004,0,0.007,0.01,0,0,0,0,0.067,0.007
PSXXX(33:00)_[M+Na]1+,PS,772.5099,0,0,0,0,0,0,0,0,0,0,0,0,0,0,0
PSXXX(33:03)_[M+H]1+,PS,744.481,0.026,0,0,0,0.021,0.044,0,0,0,0,0,0,0.039,0,0.027
PSXXX(34:06)_[M+Na]1+,PS,774.4317,0,0,0,0,0,0,0,0,0,0,0,0,0,0,0
PSXXX(35:03)_[M+H]1+,PS,772.5123,0,0,0,0,0,0,0,0,0,0,0,0,0,0,0
PSXXX(35:04)_[M+H]1+,PS,770.4967,0,0,0,0,0.044,0,0,0.014,0,0,0,0,0,0,0
PSXXX(36:02)_[M+H]1+,PS,788.5436,0,0,0,0.212,0,0,0,0,0,0,0,0,0,0,0.012
PSXXX(37:04)_[M+H]1+,PS,798.528,0,0,0,0,0,0,0,0,0.065,0,0,0,0,0,0
PSXXX(38:01)_[M+H]1+,PS,818.5906,0,0,0,0.104,0.039,0.035,0.045,0,0.005,0,0.009,0,0,0,0
PSXXX(38:03)_[M+Na]1+,PS,836.5412,0.019,0,0,0.058,0,0,0,0,0,0,0,0,0,0,0
PSXXX(39:08)_[M+Na]1+,PS,840.4786,0.016,0,0.055,0,0,0,0,0,0,0,0,0,0,0,0
PSXXX(40:03)_[M+H]1+,PS,842.5906,0,0,0,0.124,0,0,0,0,0,0,0,0,0,0,0
PSXXX(40:06)_[M+Na]1+,PS,858.5256,0,0,0,0,0,0,0,0,0,0,0,0,0,0,0
PSXXX(41:02)_[M+H]1+,PS,858.6219,0,0.065,0.115,0,0,0,0,0,0,0,0,0.07,0,0,0
PSXXX(41:02)_[M+Na]1+,PS,880.6038,0,0,0,0.003,0,0.019,0,0,0.002,0,0,0,0,0,0
PSXXX(42:09)_[M+H]1+,PS,858.528,0,0,0,0,0,0,0,0,0,0,0,0,0,0,0
PSXXX(42:09)_[M+Na]1+,PS,880.5099,0,0,0,0,0,0,0,0,0,0,0,0,0,0,0
PSXXX(44:08)_[M+Na]1+,PS,910.5569,0.018,0,0,0,0,0,0,0,0,0,0,0,0,0,0
PS-OX(38:03)_[M+H]1+,PS-O,800.58,0,0.047,0.072,0.076,0,0,0.317,0,0.057,0,0,0,0,0,0
PS-OX(39:01)_[M+H]1+,PS-O,818.6269,0,0,0.055,0,0,0.061,0,0.064,0,0,1.312,0,0,0,0.037
PS-OX(40:04)_[M+H]1+,PS-O,826.5956,0,0,0,0,0,0,0,0,0,0,0,0,0,0,0
PS-OX(40:04)_[M+Na]1+,PS-O,848.5776,0,0,0,0,0,0,0,0,0,0,0,0,0,0,0
PS-OX(40:06)_[M+H]1+,PS-O,822.5643,0,0,0,0,0,0,0,0,0,0,0,0,0,0,0.018
PS-OX(41:00)_[M+Na]1+,PS-O,870.6558,0,0,0,0,0,0,0.068,0,0,0,0,0,0,0,0
PS-OX(42:04)_[M+H]1+,PS-O,854.6269,0,0,0,0,0,0,0,0,0,0,0,0,0,0,0
PS-OX(36:06)_[M+Na]1+,PS-O,788.4837,0,0,0,0,0.005,0,0,0,0,0,0,0,0,0,0
SMXXX(32:01)_[M+H]1+,SM,675.5436,0,0,0,0,0,0,0,0.214,0.105,0.097,0.12,0.105,0,0.061,0.379
SMXXX(32:02)_[M+H]1+,SM,673.5279,0.019,0.083,0,0.07,0.575,0.169,0,0,0,0.062,0.395,1.505,0,0,0
SMXXX(34:01)_[M+H]1+ / DGXXX(44:08)_[M+H-H2O]1+,SM,703.5749,7.741,9.097,10.443,9.352,10.654,6.339,0.338,13.561,13.846,19.451,16.615,8.286,15.59,14.527,9.345
SMXXX(34:02)_[M+H]1+,SM,701.5592,0.369,0.101,0.06,0,0.538,0.055,0,0.864,0.192,1.126,1.315,0,0.74,0.112,0.473
SMXXX(36:01)_[M+H]1+,SM,731.6062,0.805,0,0.195,9.389,0.313,0,0.044,0.951,1.513,3.265,1.533,0.064,0.275,0.131,0.263
SMXXX(36:02)_[M+H]1+,SM,729.5905,0,0,0,0,0,0.051,0,0,0,0.085,1.079,0,0.032,0,0.022
SMXXX(36:04)_[M+H]1+,SM,725.5593,0.028,0,0,0,0,0,0,0,0.055,0,0.067,0.093,0,0,0
SMXXX(38:01)_[M+H]1+,SM,759.6375,0,0,0,0,0,0,0,0,0,0,0,0,0,0.028,0
SMXXX(38:02)_[M+H]1+,SM,757.6218,0,0,0,0,0,0,0,0,0,0,0,0,0,0,0
SMXXX(39:01)_[M+H]1+,SM,773.6531,0,0,0,0,0,0,0,0,0,0,0,0,0,0,0
SMXXX(40:01)_[M+H]1+,SM,787.6688,0.059,0.04,0.173,0.08,0,0.041,0,0.064,0.109,0.053,0.112,0,0.52,0,0.139
SMXXX(40:02)_[M+H]1+,SM,785.6531,0,0,0,0,0.134,0,0,0,0.077,0,0,0,0,0,0.023
SMXXX(40:07)_[M+H]1+,SM,775.575,0,0.039,0,0,0,0,0,0,0.031,0,0,0,0,0,0
SMXXX(41:01)_[M+H]1+,SM,799.6688,0,0,0,0,0,0,0,0,0,0,0,0,0,0.067,0.017
SMXXX(41:04)_[M+H]1+,SM,795.6376,0,0.011,0.005,0.009,0.04,0,0.005,0,0.034,0,0,0.008,0,0,0.02
SMXXX(42:01)_[M+H]1+,SM,815.7001,0,0,0,0,0.004,0,0,0.07,0.024,0.001,0,0,0.032,0,0.022
SMXXX(42:02)_[M+H]1+,SM,813.6844,3.142,2.046,1.941,1.158,4.353,1.12,0.047,2.601,3.184,5.123,3.836,0.231,3.176,1.471,2.364
SMXXX(43:06)_[M+H]1+,SM,819.6376,0,0,0,0,0,0,0,0,0,0,0.041,0,0,0,0
SMXXX(44:02)_[M+H]1+,SM,841.7157,0,0,0,0,0,0,0.052,0,0,0,0,0,0,0,0
SMXXX(45:00)_[M+H]1+,SM,859.7628,0,0,0,0,0,0,0,0,0,0,0,0,0,0,0
SMXXX(47:01)_[M+H]1+,SM,885.7784,0,0.046,0.132,0,0,0,0.088,0,0.084,0.044,0.158,0.083,0,0,0.019
TGXXX(36:00)_[M+Na]1+,TG,661.5378,0,0.078,0,0.135,0,0,0,0,0.042,0,0.047,0,0,0,0
TGXXX(38:01)_[M+NH4]1+,TG,682.598,0.189,0.166,0.254,0.332,0.087,0.061,0.054,0.119,0.102,0.163,0,0.197,0.215,0.141,0.181
TGXXX(38:03),TG,678.5672,0,0,0,0,0,0,0,0,0,0,0,0,0,0,0
TGXXX(40:01)_[M+NH4]1+,TG,710.6293,0.043,0,0,0,0,0,0.059,0,0,0,0,0,0,0,0
TGXXX(41:02)_[M+Na]1+,TG,727.5847,0,0,0,0,0.048,0,0,0,0,0,0,0,0,0,0
TGXXX(42:02)_[M+NH4]1+,TG,736.645,0,0,0,0,0,0,0,0.021,0,0,0,0,0,0,0
TGXXX(42:04)_[M+Na]1+,TG,737.5691,0,0,0,0.037,0,0.013,0.003,0,0.046,0,0,0.001,0.005,0.09,0.007
TGXXX(43:01)_[M+NH4]1+,TG,752.6763,0,0,0,0,0,0,0,0,0,0,0.011,0,0,0,0
TGXXX(43:02)_[M+Na]1+,TG,755.616,0,0,0,0,0,0,0,0,0,0,0,0,0,0,0
TGXXX(43:03)_[M+NH4]1+,TG,748.645,0,0,0,0,0,0,0,0,0,0,0,0,0,0.054,0
TGXXX(43:04)_[M+NH4]1+,TG,746.6293,0,0,0,0,0,0,0,0,0,0,0,0,0,0,0
TGXXX(43:05),TG,744.6141,0,0,0,0,0,0.028,0,0,0,0,0,0,0,0,0
TGXXX(44:01)_[M+Na]1+,TG,771.6473,0,0,0,0,0.034,0,0,0,0,0,0,0,0,0,0
TGXXX(45:03)_[M+Na]1+,TG,781.6317,0,0,0,0,0,0,0,0,0,0,0,0,0.069,0,0
TGXXX(46:02)_[M+Na]1+,TG,797.663,0,0,0,0,0,0,0,0,0,0,0,0,0,0,0
TGXXX(46:03)_[M+Na]1+,TG,795.6473,0,0,0,0,0.04,0,0,0,0,0,0,0,0,0,0.02
TGXXX(46:04)_[M+NH4]1+,TG,788.6763,0.164,2.949,3.149,1.864,0.195,0.838,1.644,0.117,0.651,0.41,0.257,1.316,0.636,0.55,0.075
TGXXX(46:05)_[M+NH4]1+,TG,786.6606,0,0.052,0,0,0,0,0,0,0,0,0,0.153,0,0,0
TGXXX(47:03)_[M+Na]1+,TG,809.663,0,0,0,0.083,0,0,0,0,0,0,0,0,0,0,0
TGXXX(48:00)_[M+Na]1+,TG,829.7256,0.025,0.747,0.761,0.265,0.043,0.1,0.316,0.032,0.244,0.149,0.19,0.291,0.203,0.063,0
TGXXX(48:01)_[M+Na]1+,TG,827.7099,0,0,0,0,0,0,0,0,0,0,0,0,0,0,0
TGXXX(48:01)_[M+NH4]1+,TG,822.7545,0.216,1.113,1.281,4.927,0,0,10.697,0.663,1.636,0.049,0.098,0,0.229,0.047,4.433
TGXXX(48:02)_[M+Na]1,TG,825.6943,0,0,0,0,0,0.046,0,0,0,0,0,0,0,0.06,0
TGXXX(48:02)_[M+NH4]1+,TG,820.7389,0.114,0.204,0.598,1.651,0,0,11,0.467,1.345,0,0,0,0.037,0,1.873
TGXXX(48:03)_[M+Na]1+,TG,823.6786,0,0,0,0,0,0,0,0,0,0,0,0,0,0,0
TGXXX(48:06)_[M+NH4]1+,TG,812.6763,0.017,0,0,0,0,0.051,0,0,0.06,0,0,0,0,0,0
TGXXX(49:02)_[M+NH4]1+,TG,834.7545,0,0,0.063,0,0.043,0,0.254,0,0,0,0,0,0,0,0.016
TGXXX(49:04)_[M+NH4]1+,TG,830.7232,0,0.037,0.179,0.067,0.045,0.047,0.171,0,0,0,0.04,0.065,0,0,0
TGXXX(50:00)_[M+Na]1+,TG,857.7569,0.021,1.863,1.507,0.837,0.094,0.249,1.741,0,0.431,0.082,0.393,0.793,0.368,0.167,0.07
TGXXX(50:01)_[M+Na]1+,TG,855.7412,0.015,0.044,0.124,0,0,0,3.907,0,0.105,0,0,0,0,0,0.017
TGXXX(50:01)_[M+NH4]1+,TG,850.7858,2.667,7.241,5.2,11.034,0.528,0.044,25.777,4.358,5.93,0.297,2.399,0.161,5.509,0.358,7.821
TGXXX(50:02)_[M+Na]1+,TG,853.7256,0,0,0,0,0,0,2.058,0,0.056,0,0,0,0,0,0
TGXXX(50:02)_[M+NH4]1+,TG,848.7702,7.401,11.414,9.946,16.407,1.562,0,56.132,4.993,10.746,0,1.394,0,4.763,0.058,8.191
TGXXX(50:03)_[M+H]1+,TG,846.755,1.963,2.73,3.201,5.321,0.033,0,32.046,0.917,4.184,0,0,0,0.649,0,2.158
TGXXX(50:03)_[M+Na]1+,TG,851.7099,0,0,0,0,0.036,0,0.27,0,0,0,0,0,0,0,0
TGXXX(50:03)_[M+NH4]1+,TG,846.7545,1.963,2.73,3.201,5.321,0.033,0,32.046,0.917,4.184,0,0,0,0.649,0,2.158
TGXXX(50:04)_[M+NH4]1+,TG,844.7389,0,0.068,0.115,0.141,0,0,7.476,0,0.104,0,0,0,0.044,0,0.044
TGXXX(50:05)_[M+Na]1+,TG,847.6786,0.073,0,0,0,0,0,0,0,0,0,0,0,0,0,0
TGXXX(50:06)_[M+Na]1+,TG,845.663,0,0,0,0,0,0,0,0,0,0,0,0.059,0.047,0.024,0
TGXXX(50:07)_[M+NH4]1+,TG,838.6919,0,0,0,0,0,0,0,0,0,0.062,0,0,0,0,0.025
TGXXX(51:04)_[M+NH4]1+,TG,858.7545,0.026,0.39,0.195,0.513,0,0,0.329,0,0.082,0,0.086,0.145,0.117,0,0
TGXXX(51:05)_[M+NH4]1+,TG,856.7389,0,0.055,0,0,0,0,1.512,0,0,0,0,0,0,0,0.018
TGXXX(51:06)_[M+NH4]1+,TG,854.7232,0,0,0,0,0,0,0.402,0,0,0,0,0,0,0,0.015
TGXXX(51:07)_[M+NH4]1+,TG,852.7076,0,0,0,0,0,0,0.048,0,0,0,0,0,0,0,0
TGXXX(52:00)_[M+Na]1+,TG,885.7882,0,0.05,0.132,0,0,0,0.09,0,0.084,0.044,0.158,0.083,0,0,0.019
TGXXX(52:02)_[M+Na]1+,TG,881.7569,0.025,0.167,0.156,0,0,0,2.697,0,0.05,0,0,0,0.037,0,0.019
TGXXX(52:02)_[M+NH4]1+,TG,876.8015,26.758,27.737,21.442,19.096,6.948,0,43.982,12.985,13.39,3.65,8.006,0,14.498,2.998,15.948
TGXXX(52:03)_[M+Na]1+,TG,879.7412,0.019,0.102,0.108,0,0,0,4.791,0,0.161,0,0,0,0.03,0,0
TGXXX(52:03)_[M+NH4]1+,TG,874.7858,17.03,19.29,17.979,20.058,4.322,0.042,103.391,8.368,17.603,2.967,2.726,0,11.518,0.573,8.434
TGXXX(52:04)_[M+NH4]1+,TG,872.7702,4.49,4.817,7.557,6.243,0.989,0,72.329,2.326,8.847,0.034,0,0,3.367,0,2.033
TGXXX(52:05)_[M+Na]1+,TG,875.7099,0,0,0,0,0,0,0,0,0.049,0,0,0,0,0,0
TGXXX(52:06)_[M+Na]1+,TG,873.6943,0,0,0,0,0,0,0,0,0,0,0,0,0,0,0
TGXXX(52:07)_[M+Na]1+,TG,871.6762,0,0,0,0,0,0,0,0,0,0,0,0,0,0,0
TGXXX(52:08)_[M+Na]1+,TG,869.663,0,0,0,0,0,0,0.027,0,0,0,0,0,0,0,0
TGXXX(52:10)_[M+Na]1+,TG,865.6317,0.016,0,0,0,0,0,0,0,0,0,0,0,0,0,0
TGXXX(53:03)_[M+NH4]1+,TG,888.8015,0,0,0,0,0,0,0.877,0,0,0,0,0,0,0,0.018
TGXXX(53:04)_[M+NH4]1+,TG,886.7858,0,0,0,0.082,0,0,0.717,0,0,0,0,0,0,0.068,0.018
TGXXX(53:06)_[M+NH4]1+,TG,882.7545,0.022,0,0,0,0,0,1.044,0,0,0,0,0,0.022,0,0
TGXXX(53:07)_[M+NH4]1+,TG,880.7389,0,0,0,0,0,0,1.964,0,0,0,0,0,0,0,0.031
TGXXX(53:08)_[M+Na]1+,TG,883.6786,0,0,0,0,0,0,0,0,0,0,0,0,0,0,0
TGXXX(53:10)_[M+NH4]1+,TG,874.6919,0,0,0,0,0,0,0,0,0,0,0,0,0,0,0
TGXXX(54:01)_[M+NH4]1+,TG,906.8484,0.021,0,0,0,0.075,0.044,0,0,0,0,0.149,0,0,0.416,0.142
TGXXX(54:02)_[M+Na]1+,TG,909.7882,0,0,0,0,0,0,0,0,0,0,0,0,0,0,0
TGXXX(54:02)_[M+NH4]1+,TG,904.8328,1.549,0.513,0.207,0.573,0,0,2.183,0.35,0.413,0,0.037,0,0.658,0,1.027
TGXXX(54:03)_[M+NH4]1+,TG,902.8171,14.803,12.188,11.687,10.387,2.134,0,27.425,4.064,7.352,0.045,1.624,0,5.316,0.411,6.311
TGXXX(54:06)_[M+Na]1+,TG,901.7256,0,0,0,0,0,0,0.044,0,0,0,0,0,0,0,0
TGXXX(54:07)_[M+Na]1+,TG,899.7099,0,0,0,0,0,0,0,0,0,0,0,0,0,0,0
TGXXX(54:11)_[M+Na]1+,TG,891.6473,0,0,0,0.067,0,0,0,0,0.054,0,0,0,0,0,0
TGXXX(55:01)_[M+NH4]1+,TG,920.8641,0,0,0,0,0,0,0,0,0,0,0,0,0,0,0
TGXXX(56:05)_[M+NH4]1+,TG,926.8171,0.475,0,0,0,0.031,0.035,1.498,0,0.117,0,0,0,0,0,0
TGXXX(56:06)_[M+NH4]1+,TG,924.8015,0.649,0,0.056,0.071,0,0,1.076,0.106,0,0,0,0,0.125,0,0.02
TGXXX(56:07)_[M+NH4]1+,TG,922.7858,0.407,0.042,0.238,0,0,0,1.195,0.032,0,0,0,0,0.101,0,0.018
TGXXX(56:08)_[M+Na]1+,TG,925.7256,0.018,0,0,0,0.027,0,0,0,0,0,0,0,0,0,0
TGXXX(56:09)_[M+Na]1+,TG,923.7099,0,0,0,0,0,0,0,0,0,0,0,0,0,0,0
TGXXX(56:10)_[M+Na]1+,TG,921.6943,0,0,0,0,0,0,0,0,0,0,0,0,0,0,0
TGXXX(57:00)_[M+Na]1+,TG,955.8664,0,0,0,0,0,0,0,0,0,0,0,0,0,0.024,0
TGXXX(57:12)_[M+NH4]1+,TG,926.7232,0,0,0,0,0,0,0,0,0,0,0,0,0,0,0
TGXXX(58:02)_[M+Na]1+,TG,965.8508,0,0,0,0,0,0,0.041,0,0,0,0,0,0,0,0
TGXXX(58:02)_[M+NH4]1+,TG,960.8954,0,0,0,0,0,0,0,0,0,0,0,0,0,0,0
TGXXX(58:04)_[M+Na]1+,TG,961.8195,0,0,0,0,0,0,0,0,0,0,0,0,0,0,0
TGXXX(58:07)_[M+Na]1+,TG,955.7725,0,0,0,0,0.04,0,0,0,0,0,0,0,0,0,0
TGXXX(58:09)_[M+NH4]1+,TG,946.7858,0,0,0,0,0,0,0,0,0,0,0,0,0,0,0
TGXXX(58:12)_[M+Na]1+,TG,945.6943,0,0,0,0,0,0,0,0,0,0,0,0,0,0,0
TGXXX(59:03)_[M+Na]1+,TG,977.8508,0,0,0,0,0.064,0,0.032,0,0,0,0,0.048,0,0,0
TGXXX(59:08)_[M+NH4]1+,TG,962.8171,0,0,0,0,0,0,0,0,0,0,0,0,0,0,0
TGXXX(60:00)_[M+Na]1+,TG,997.9134,0,0,0,0,0,0,0,0,0,0,0,0,0,0,0
TGXXX(60:05)_[M+Na]1+,TG,987.8351,0,0,0,0,0,0,0,0,0,0,0,0,0,0,0
TGXXX(60:06)_[M+Na]1+,TG,985.8195,0,0,0,0,0,0,0,0,0,0,0.994,0,0,0,0
TGXXX(60:11)_[M+NH4]1+,TG,970.7858,0,0,0,0,0.027,0,0,0,0,0,0,0,0,0,0
TGXXX(60:12)_[M+Na]1+,TG,973.7256,0,0,0,0,0,0,0,0,0,0,0,0,0,0,0
TGXXX(60:13)_[M+Na]1+,TG,971.7099,0,0,0,0,0,0,0,0,0,0,0,0,0,0,0.009
TGXXX(62:00)_[M+NH4]1+,TG,1020.9893,0,0,0,0,0,0,0,0,0,0,0,0,0.028,0,0
TGXXX(62:06)_[M+Na]1+,TG,1013.8508,0,0,0,0,0,0,0,0,0,0,0,0,0,0,0
TGXXX(62:08)_[M+Na]1+,TG,1009.8195,0,0,0,0,0,0,0,0,0,0,0,0,0,0,0
TGXXX(63:02)_[M+Na]1+,TG,1035.929,0,0,0,0,0,0,0,0,0,0,0,0,0,0,0
TGXXX(63:03)_[M+Na]1+,TG,1033.9134,0,0,0,0,0,0,0,0,0,0,0,0,0,0,0
TGXXX(63:12)_[M+NH4]1+,TG,1010.8171,0,0,0,0,0,0,0,0,0,0,0,0,0,0,0
TGXXX(64:13)_[M+NH4]1+,TG,1022.8171,0,0.036,0,0,0,0,0,0,0,0,0,0,0,0,0
TGXXX(65:01)_[M+NH4]1+,TG,1061.0206,0,0,0,0,0,0,0,0,0,0,0,0,0,0,0
TGXXX(65:06)_[M+NH4]1+,TG,1050.9423,0,0,0,0,0,0,0,0,0,0,0,0,0,0,0
TGXXX(65:07)_[M+Na]1+,TG,1053.8821,0,0,0,0,0,0,0,0,0,0,0,0,0,0,0
TGXXX(65:08)_[M+NH4]1+,TG,1046.911,0,0,0,0,0,0,0,0,0,0,0,0,0,0,0
TGXXX(65:09)_[M+NH4]1+,TG,1044.8954,0,0,0,0,0,0,0,0,0,0,0,0,0,0,0
TGXXX(66:08)_[M+Na]1+,TG,1065.8821,0,0,0,0,0,0,0,0,0,0,0,0,0,0,0
TGXXX(66:14)_[M+NH4]1+,TG,1048.8328,0,0,0,0,0,0,0,0,0,0,0,0,0,0,0
TGXXX(67:04),TG,1083.0054,0,0,0,0,0,0,0,0,0,0,0,0,0,0,0
TGXXX(68:12),TG,1080.8958,0,0,0,0,0,0,0,0,0,0,0,0,0,0.021,0
TGoxX(36:02),TGox,668.5459,0,0,0,0,0,0,0,0.043,0,0,0.032,0.047,0,0,0.075
TGoxX(39:00),TGox,714.6241,0.407,0,0,0,0.052,0,0,1.221,0.049,0,0.101,0,0.348,0,0.313
TGoxX(40:00),TGox,728.6398,0,0,0,0,0,0,0,0,0,0,0,0,0,0,0.022
TGoxX(41:03),TGox,736.6085,0,0,0,0,0,0,0,0,0,0,0,0,0,0,0
TGoxX(45:04),TGox,790.6554,0,0,0,0,0,0.069,0,0,0,0,0,0,0,0,0
TGoxX(54:00),TGox,924.8589,0,0,0,0,0,0,0,0,0,0,0,0,0,0,0
TGoxX(54:01),TGox,922.8433,0,0,0.069,0,0,0,0,0,0,0,0,0,0,0,0
TGoxX(56:02),TGox,948.8589,0,0,0,0,0,0,0,0,0,0,0,0,0,0,0.015
TGoxX(56:08),TGox,936.765,0,0,0,0,0,0,0,0,0,0,0,0,0,0,0
TGoxX(57:03),TGox,960.8589,0,0,0,0,0,0,0,0,0,0,0,0,0,0,0
TGoxX(57:11)_[M+H]1+,TGox,944.7337,0,0,0,0,0,0,0,0,0,0,0,0,0,0,0
TGoxX(58:01),TGox,978.9059,0,0,0,0,0,0,0,0,0,0,0,0,0,0,0
TGoxX(58:10),TGox,960.765,0,0,0,0,0,0,0,0,0,0,0,0,0,0.056,0
TGoxX(59:08),TGox,978.812,0,0,0,0,0,0,0,0,0,0,0,0,0,0,0.011
TGoxX(59:10),TGox,974.7806,0.02,0,0,0,0.039,0.099,0,0,0,0,0,0,0,0.065,0.02
TGoxX(59:12),TGox,970.7493,0,0,0,0,0.014,0,0,0,0,0,0,0,0,0,0
TGoxX(60:03),TGox,1002.9059,0,0,0,0,0,0,0,0,0,0,0,0,0,0,0
TGoxX(63:01),TGox,1048.9841,0,0,0,0,0,0,0,0,0,0,0,0,0,0,0
TGoxX(63:06),TGox,1038.9059,0,0,0,0,0,0,0,0,0,0,0,0,0,0,0
TGoxX(64:02),TGox,1060.9841,0,0,0,0,0,0,0,0,0,0,0,0,0,0,0
TGoxX(65:03),TGox,1072.9841,0,0,0,0,0,0,0,0,0,0,0,0,0,0,0
TGoxX(65:11),TGox,1056.8589,0,0,0,0,0,0,0,0,0,0,0,0,0,0,0
TGoxX(66:04),TGox,1084.9841,0,0,0,0,0,0,0,0,0,0,0,0,0,0,0
TGoxX(66:11),TGox,1070.8746,0,0,0,0,0,0,0,0,0,0,0,0,0,0,0
