,,Total signal,1000,1000,1000,1000,1000,1000,1000,1000,1000,1000,1000,1000,1000,1000,1000,1000
,,0s,79%,75%,76%,53%,74%,67%,66%,70%,78%,80%,83%,75%,68%,62%,82%,71%
,,Data ID,307_P1_G10_vastus_18C36_PWD_lean_0.mzXML,339_P1_H02_vastus_18C37_PWD_lean_0.mzXML,293_P1_G03_vastus_18C40_PWD_lean_0.mzXML,253_P1_F07_vastus_18C41_PWD_lean_0.mzXML,255_P1_F08_vastus_18C42_PWD_lean_0.mzXML,059_P1_B06_vastus_NPC1_PWD_lean_0.mzXML,205_P1_E07_vastus_NPC2_PWD_lean_0.mzXML,289_P1_G01_vastus_NPC3_PWD_lean_0.mzXML,049_P1_B01_vastus_RC59_PWD_lean_0.mzXML,303_P1_G08_vastus_18F50_PWD_obese_0.mzXML,201_P1_E05_vastus_18F52_PWD_obese_0.mzXML,117_P1_C11_vastus_18F54_PWD_obese_0.mzXML,211_P1_E10_vastus_18F55_PWD_obese_0.mzXML,149_P1_D03_vastus_18F57_PWD_obese_0.mzXML,151_P1_D04_vastus_NPF1_PWD_obese_0.mzXML,215_P1_E12_vastus_NPF2_PWD_obese_0.mzXML
,,Sample ID,18C36,18C37,18C40,18C41,18C42,NPC1,NPC2,NPC3,RC59,18F50,18F52,18F54,18F55,18F57,NPF1,NPF2
,,Phenotype,lean,lean,lean,lean,lean,lean,lean,lean,lean,obese,obese,obese,obese,obese,obese,obese
,,Group,PWD,PWD,PWD,PWD,PWD,PWD,PWD,PWD,PWD,PWD,PWD,PWD,PWD,PWD,PWD,PWD
,,Compartment,Vas,Vas,Vas,Vas,Vas,Vas,Vas,Vas,Vas,Vas,Vas,Vas,Vas,Vas,Vas,Vas
,,Handling,Whole,Whole,Whole,Whole,Whole,Whole,Whole,Whole,Whole,Whole,Whole,Whole,Whole,Whole,Whole,Whole
,,96wPL No.,P1,P1,P1,P1,P1,P1,P1,P1,P1,P1,P1,P1,P1,P1,P1,P1
,,Address,G10,H02,G03,F07,F08,B06,E07,G01,B01,G08,E05,C11,E10,D03,D04,E12
Lipid variable,Category,m/z,18C36,18C37,18C40,18C41,18C42,NPC1,NPC2,NPC3,RC59,18F50,18F52,18F54,18F55,18F57,NPF1,NPF2
CEXXX(16:03)_[M+Na]1+,SE,641.5268,0.029,0,0.003,0.007,0,0,0.06,0,0.177,0.017,0,0,2.092,0.018,0,0.001
CEXXX(18:00)_[M+Na]1+,SE,675.6051,0,0,0.062,0.212,0.227,0,0,0,0,0,0,0,0.004,0,0,0
CEXXX(18:02)_[M+Na]1+,SE,671.5738,0,0,0,0,0,0,0,0.126,0,0,0,0,0,0,0,0
CEXXX(20:04)_[M+NH4]1+,SE,690.6184,0,0,0,0,0,0,0,0,0,0,0,0,0,0,0,0
CEXXX(22:06)_[M+Na]1+,SE,719.5738,0,0,0,0,0,0,0,0,0,0,0,0,0,0,0,0
CEXXX(22:06)_[M+NH4]1+,SE,714.6184,0,0,0,0,0,0,0,0,0,0,0,0,0,0,0,0
CerXX(36:02)_[M+H-H2O]1+,Cer,546.5245,0,0,0,0,0,0,0,0,0,0,0.33,0,0,0,0.233,0
CerXX(39:01)_[M+H-H2O]1+,Cer,590.5871,0,0,0,0.129,0,0,0,0,0,0,0,0,0,0,0,0
CerXX(40:02)_[M+H]1+,Cer,620.5976,0,0.36,0,0,0,0.061,0,0.268,0,0,0,0,0,0,0.225,0
CerXX(41:02)_[M+H]1+,Cer,634.6133,0.171,0,0,0,0,0,0,0,0,0,0.23,0,0,0,0.333,0
CerXX(42:01)_[M+H-H2O]1+,Cer,632.634,0,0.462,0,0,0,0,0,0.146,0,0.077,0,0,0,0,0,0
CerXX(42:02)_[M+H-H2O]1+,Cer,630.6184,0,2.548,0,0.09,0,0,0,0.702,0,0,0,0,0,0,0,0
CerXX(43:03)_[M+H]1+,Cer,660.629,0,0,0,0,0,0,0,0,0,0,0,0,0,0,0,0
DGXXX(24:01)_[M+H-H2O]1+,TG,437.363,1.031,4.273,0.444,0.893,0.84,1.707,2.48,9.496,0.78,0.344,0.252,0.37,1.549,0.361,1.558,0.251
DGXXX(30:01)_[M+H-H2O]1+,TG,521.4564,0.224,16.43,1.658,0.538,9.01,5.355,0.582,10.787,5.704,4.032,0.273,11.033,7.676,7.838,0,11.573
DGXXX(30:02)_[M+H-H2O]1+,TG,519.4408,0,0.165,0,0,0.258,0.135,0,0.393,0,0,0,1.014,0.335,0.244,0,2.066
DGXXX(32:01)_[M+H-H2O]1+,TG,549.4877,38.39,57.489,37.331,24.894,45.85,42.261,26.489,48.166,53.191,39.084,40.091,53.543,51.494,38.652,38.897,61.247
DGXXX(33:01)_[M+H-H2O]1+,TG,563.5034,0,2.749,0.126,0,1.623,0.552,0.147,3.971,1.582,0.119,0,0.873,0.825,0.256,0,2.504
DGXXX(33:02)_[M+H-H2O]1+,TG,561.4877,0,0,0,0,0,0,0,0.136,0.185,0,0,0,0.136,0.059,0.243,0.156
DGXXX(33:03)_[M+H-H2O]1+,TG,559.4721,0,0,0,0,0,0,0,0,0,0,0,0,0,0,0.235,0
DGXXX(34:01)_[M+H-H2O]1+,TG,577.519,159.605,183.534,140.929,93.915,148.814,112.868,118.053,143.845,233.556,136.526,211.186,118.69,182.23,113.195,173.262,159.382
DGXXX(34:02)_[M+NH4]1+,TG,610.5405,0,0.14,0.291,0,0,0,0,0.132,0.169,0.282,0.239,0,0,0,0,0
DGXXX(34:03)_[M+H-H2O]1+,TG,573.4877,0,8.311,0.305,0.099,4.521,9.278,0,10.345,0.274,5.375,0,7.059,36.716,4.85,0.338,16.168
DGXXX(35:01)_[M+H-H2O]1+,TG,591.5347,0,0.129,0,0,0.199,0.107,0.147,0.287,0,0,0,0.109,0.301,0,0,0.513
DGXXX(35:02)_[M+H-H2O]1+,TG,589.519,0,0.133,0,0,0.103,0.053,0,0,0,0,0,0,0.501,0,0,0.736
DGXXX(35:03)_[M+H-H2O]1+,TG,587.5034,0,0,0,0,0,0,0,0,0,0,0,0,0.282,0,0.22,0
DGXXX(35:05)_[M+NH4]1+,TG,618.5092,0,3.144,0,0.12,1.9,0,0,0.55,0,0,0,0,0.084,0,0,0
DGXXX(36:03)_[M+H-H2O]1+,TG,601.519,0.761,29.972,11.329,4.434,20.221,25.971,3.764,36.304,11.054,20.07,0.504,15.013,108.257,16.219,9.675,42.983
DGXXX(36:04)_[M+H-H2O]1+,TG,599.5034,0.182,12.371,2.629,0.565,2.448,7.237,1.393,10.342,1.892,2.884,0.303,2.882,47.88,1.715,0,7.502
DGXXX(37:03)_[M+H-H2O]1+,TG,615.5347,0,0,0,0,0,0,0,0,0,0,0,0,0,0,0,0
DGXXX(38:01)_[M+H-H2O]1+,TG,633.5816,0.205,0,0,0,0,0,0,0,0,0,0,0,0,0.071,0,0
DGXXX(38:03)_[M+NH4]1+,TG,664.5875,0,0,0,0,0,0,0,0,0,0,0,0,0,0,0,0
DGXXX(38:04)_[M+H-H2O]1+,TG,627.5347,10.435,10.116,19.379,11.88,2.976,18.055,22.286,7.771,17.029,12.462,0.695,14.979,0.089,7.554,0.34,5.184
DGXXX(40:06)_[M+H-H2O]1+,TG,651.5347,4.063,4.119,7.582,6.35,0.901,11.502,13.066,4.668,13.013,6.968,0.219,12.638,0,4.492,0,3.824
DGXXX(40:10)_[M+NH4]1+,TG,678.5092,3.724,0,1.75,0.41,0.079,0.043,0.494,0,0.896,2.171,3.477,2.23,0,1.2,4.948,0.698
DGXXX(41:02)_[M+NH4]1+,TG,708.6501,0,0,0,0,0,0,0,0,0.146,0,0,0,0,0.068,0,0
DGXXX(41:06)_[M+NH4]1+,TG,700.5875,0,0,0,0,0,0.042,0,0.23,0,0,0,0,0.666,0,0,0
DGXXX(42:06)_[M+NH4]1+,TG,714.6031,0,0,0,0.067,0,0,0.005,0.001,0,0,0,0,0,0.052,0,0
DGXXX(42:07)_[M+NH4]1+,TG,712.5875,0,0,0,0.068,0,0.045,0,0,0.184,0,0,0,0,0,0,0
DGXXX(42:08)_[M+H-H2O]1+,TG,675.5347,0,0,0,0,0,0,0,0.124,0,0,0,0,0,0,0,0
DGXXX(42:10)_[M+NH4]1+,TG,706.5405,9.008,0.192,5.926,2.764,0.081,8.265,7.113,0,4.484,7.2,9.699,9.587,0,4.33,13.844,2.52
DGXXX(44:04)_[M+H-H2O]1+,TG,711.6286,0,0,0,0,0,0,0,0,0,0,0,0,0,0,0,0
DGXXX(44:06)_[M+H-H2O]1+,TG,707.5973,0,0,0,0,0,0,0,0.094,0.109,0.105,0,0,0,0,0,0
DGXXX(44:07)_[M+H-H2O]1+,TG,705.5816,0,0,0,0,0,0,0,0,0,0,0,0,0,0,0,0.018
DGXXX(44:09)_[M+H-H2O]1+,TG,701.5503,0,0,0,0,0,0.032,0,0,0,0,0.581,0,0,0,0,0
DGXXX(46:00),TG,782.7601,0,0,0,0,0,0,0,0,0,0,0,0,0,0,0,0
LPCXX(16:00)_[M+H]1+,LPC,496.3398,17.945,24.96,21.417,12.943,11.237,15.992,23.567,13.962,20.793,6.659,1.487,14.354,0.708,9.729,8.929,5.834
LPCXX(18:00)_[M+H]1+,LPC,524.3716,1.304,12.719,5.996,3.482,2.872,4.551,4.484,1.371,7.322,1.941,0.281,8.343,0.228,4.771,0,1.655
LPCXX(18:01)_[M+H]1+,LPC,522.3559,0,0.482,0.472,1.353,0.801,1.504,5.626,0.318,0,0,0,2.44,0,0.944,0,0.142
LPEXX(18:01)_[M+H]1+ / LPCXX(15:01)_[M+H]1+,LPE,480.3085,0,0,0,0,0,0.054,0,0,0,0,0.312,0,0,0,0,0
LPEXX(22:06)_[M+H]1+,LPE,526.2928,12.856,0.258,0.573,5.545,2.978,0.599,2.022,0,0,2.582,0.493,0.13,0.229,37.695,0,0.261
LPIXX(20:02)_[M+Na]1+,LPI,647.3167,0,0,0,0,0,0,0,0,0,0,0,0,0,0,0.209,0
LPIXX(20:04)_[M+NH4]1+,LPI,638.33,0,0.031,0,0,0.004,0,0,0.652,0,0,0,0,0,0,0,0
LPIXX(22:04)_[M+H]1+,LPI,649.3347,75.265,1.629,49.164,25.265,9.597,0.488,48.196,0,0.663,48.073,38.789,10.688,0,36.055,35.003,13.46
LPSXX(17:01)_[M+H]1+,LPS,510.2826,0.166,0.289,0.143,0.131,0.074,0,0.193,0,0,0,0.255,0,0.164,0.109,0.181,0.043
LPSXX(20:05)_[M+H]1+,LPS,544.267,0,0,0,0,0,0,0,0,0,0,0,0,0,0.324,0,0
PAXXX(33:03)_[M+Na]1+,PA,679.4309,221.598,193.593,126.565,144.278,306.776,37.604,124.476,230.566,116.494,177.817,423.631,104.624,25.908,149.762,374.606,45.181
PAXXX(35:00)_[M+Na]1+,PA,713.5092,0,0.469,0,0,0.502,0,0.223,0,0,0,0,0,3.304,0.1,0,0
PAXXX(38:05)_[M+Na]1+,PA,745.4779,0,0,0,0,0,0,0.079,0,0.117,0,0,0.13,0,0.075,0,0
PAXXX(40:05)_[M+Na]1+,PA,773.5092,0,0,0,0.119,0,0,0,0,0.187,0,0,0,0,0,0,0
PAXXX(42:04)_[M+Na]1+,PA,803.5561,0,0,0,2.175,0,0,0,0,0,0,0,0,0,0,0,0
PAXXX(42:05)_[M+Na]1+,PA,801.5405,0,0,0,0.076,0,0,0,0,0,0,0,0,0,0,0,0
PAXXX(42:08)_[M+Na]1+,PA,795.4935,0,0,0,0,0,0,0,0,0,0,0,0,0,0,0.155,0
PAXXX(42:09)_[M+Na]1+,PA,793.4779,0,0,0,0,0,0,0,0,0,0,0,0,0,0,0,0
PAXXX(43:04)_[M+Na]1+,PA,817.5718,0,0,0,0,0,0,0,0,0,0,0,0,0,0,0,0
PAXXX(43:06)_[M+Na]1+,PA,813.5405,0,0,0,0.001,0,0,0.017,0,0.115,0,0,0,0.002,0,0,0
PAXXX(44:12)_[M+Na]1+,PA,815.4622,0,0,0,0,0,0,0,0,0,0,0,0,0,0,0,0
PCXXX(28:00)_[M+H]1+,PC,678.5074,3.724,0,1.75,0.41,0.079,0.043,0.494,0,0.896,2.171,3.477,2.23,0,1.2,4.948,0.698
PCXXX(30:00)_[M+H]1+,PC,706.5387,9.008,0.192,5.926,2.764,0.081,8.265,7.113,0,4.484,7.2,9.699,9.587,0,4.33,13.844,2.52
PCXXX(30:05)_[M+H]1+,PC,696.4605,0,0,0,0,0,0,0,0,0.404,0,0,0,0,0,0,0
PCXXX(32:02)_[M+H]1+,PC,730.5387,0,0.095,0.269,2.997,0.102,1.79,1.377,0,0.182,0.218,0,2.269,0,0.079,0,0.037
PCXXX(34:01)_[M+H]1+,PC,760.5851,43.789,39.861,52.132,25.511,27.579,56.064,61.341,40.644,72.97,28.214,1.488,58.38,1.726,26.285,2.128,14.042
PCXXX(34:03)_[M+H]1+,PC,756.5543,0.158,0.189,1.515,1.498,0.63,2.916,0.964,0.124,2.453,0.109,0,1.834,0,0.501,0,0.141
PCXXX(36:01)_[M+H]1+,PC,788.6169,0,4.215,0.301,2.988,0.177,1.897,0.193,10.53,0.687,0,0,3.03,0.155,0.269,0,0.256
PCXXX(36:02)_[M+H]1+,PC,786.6013,11.364,6.776,8.627,11.114,9.67,8.243,6.78,6.051,19.628,10.41,0,14.539,1.056,6.019,0,2.287
PCXXX(36:03)_[M+H]1+,PC,784.5851,17.867,5.336,12.767,15.113,8.225,15.798,20.518,0.78,20.413,9.907,0.519,16.061,0.315,26.464,0.346,3.418
PCXXX(36:04)_[M+H]1+,PC,782.57,122.643,52.848,161.618,106.268,48.993,163.519,189.035,31.409,121.041,107.034,11.3,112.54,7.279,85.46,11.973,34.997
PCXXX(38:01)_[M+H]1+,PC,816.6482,0,0,0,0,0,0,0.127,0,0,0,0,0,2.701,0,0,0
PCXXX(38:03)_[M+H]1+,PC,812.6169,0.374,0,0.073,0.099,0.11,0.278,0.484,0,0,0.224,0,0.559,0,0.136,0,0.031
PCXXX(38:04)_[M+H]1+,PC,810.6013,15.538,8.123,16.134,12.34,8.125,12.88,17.401,6.598,11.568,17.264,0.404,15.024,1.514,11.499,0.974,5.625
PCXXX(38:05)_[M+H]1+,PC,808.5856,16.397,4.967,22.957,15.518,5.816,25.304,26.498,1.226,18.191,16.378,0,18.916,0,12.698,0,7.029
PCXXX(38:06)_[M+H]1+,PC,806.57,32.697,14.995,44.33,32.358,14.963,92.963,132.49,19.845,80.354,43.799,0.399,62.047,0.07,28.421,0,30.396
PCXXX(40:04)_[M+H]1+,PC,838.6326,0,0,0,0,0,0,0.142,0,0,0,0,0.065,0,0,0,0
PCXXX(40:07)_[M+H]1+,PC,832.5851,0.136,0,0.1,0.109,0.154,2.388,1.633,0.189,0,0.117,0,1.025,0.074,0,0,0.508
PCXXX(40:08)_[M+H]1+,PC,830.5694,0,0.192,0.09,0.473,0.094,1.229,0.782,0.149,0,0,0,0.266,0.177,0,0,0.12
PCXXX(40:10)_[M+H]1+,PC,826.5381,0,0,0,3.913,0,0,0,0,0,0,0,0,0,0,0,0
PCXXX(42:04)_[M+H]1+,PC,866.6633,0,0,0,0,0,0,0,0,0,0,0,0,0,0,0,0
PCXXX(44:00)_[M+H]1+,PC,902.7578,0,0,0.053,0,0,0,0,0,0,0,0,0,0,0,0,0
PC-OX(35:03)_[M+H]1+,PC-O,756.5902,0,0,0,0,0,0,0.113,0,0,0,0.111,0,0,0.073,0,0
PC-OX(20:01)_[M+H]1+,PC-O,550.3867,0,0,0,0,0,0,0,0,0,0,0,0,0,0,0,0
PC-OX(26:03)_[M+H]1+,PC-O,630.4498,0,0,0,0,0,0,0,0,0,0,0,0,0.084,0,0,0
PC-OX(32:00)_[M+H]1+,PC-O,720.5902,0,0,0,0,0,0,0,0,0,0,0,0,0,0,0,0
PC-OX(32:01)_[M+H]1+,PC-O,718.575,0,0,0.094,0.1,0,0,0.246,0,0.212,0,0,0,0,0,0.248,0
PC-OX(34:01)_[M+H]1+,PC-O,746.6063,0,0,0,0,0,0,0,0,0,0,0,0,0,0,0,0
PC-OX(34:02)_[M+H]1+,PC-O,744.5902,0,0,0,1.494,0,0,0,0.105,0,0,0,0,0,0,0,0
PC-OX(34:03)_[M+H]1+,PC-O,742.575,0.141,0,0.109,0,0,0.023,0,0,0,0,0,0,0,0.721,0,0
PC-OX(36:01)_[M+H]1+,PC-O,774.6376,0,0,0,0,0,0,0,0,0,0,0.178,0,0,0,0,0
PC-OX(36:02)_[M+H]1+,PC-O,772.6215,0,0,0,0,0,0,0,0,0,0,0,0,4.457,0.062,0,0
PC-OX(36:03)_[M+H]1+,PC-O,770.6058,0,0,0,0,0,0.094,0.119,0.101,0,0,0,0,0.092,0,0,0
PC-OX(36:05)_[M+H]1+,PC-O,766.5745,0.597,0,0.334,0.195,0,0.123,0.28,0,0,0.328,1.852,2.953,0,1.433,3.421,0.083
PC-OX(37:03)_[M+H]1+,PC-O,784.622,0,0,0.087,0.183,0,0.106,0.145,0,0.184,0,0,0,0,0,0.221,0
PC-OX(38:04)_[M+H]1+,PC-O,796.6215,0,0,0,0,0,0,0,0,0,0,0,0,0,0,0,0
PC-OX(39:06)_[M+H]1+,PC-O,806.6063,0.448,0,0.293,0.641,0,0.415,0.533,0,0,0.073,0,0.229,0,0.151,0.171,0.031
PC-OX(40:04)_[M+H]1+,PC-O,824.6528,0,0,0,0,0,0,0,0.107,0,0,0,0,0,0,0,0
PC-OX(40:08)_[M+H]1+,PC-O,816.5907,0,0,0,0,0,0,0,0,0,0,0,0,0,0,0,0
PC-OX(41:04)_[M+H]1+,PC-O,838.6689,0,0,0,0,0,0,0,0,0.129,0,0,0,0,0,0,0
PC-OX(42:05)_[M+H]1+,PC-O,850.6689,0,0,0,0,0,0,0,0,0,0,0,0,0.118,0.068,0,0
PC-OX(42:09)_[M+H]1+,PC-O,842.6063,0,0,0,0,0,0.02,0.123,0,0,0,0,0,0,0.007,0,0
PC-OX(42:10)_[M+H]1+,PC-O,840.5907,0,0,0,0.1,0,0.03,0.103,0,0,0,0,0,0,0.037,0,0
PC-OX(42:11)_[M+H]1+,PC-O,838.575,0,0,0,0.831,0,0,0.182,0,0,0,0,0,0,0,0,0
PC-OX(44:07)_[M+H]1+,PC-O,874.6689,0.097,0,0,0,0,0,0,0,0,0,0,0,0,0,0,0
PEXXX(32:06)_[M+H]1+,PE,680.4291,99.56,81.963,57.518,66.44,131.388,16.765,54.462,98.015,50.502,76.57,184.145,45.147,11.081,68.106,162.543,19.984
PEXXX(34:00)_[M+H]1+,PE,720.5543,0,0,0,0,0,0.13,0,0,0.265,0,0,0.485,0,0,0,0
PEXXX(34:01)_[M+H]1+,PE,718.5387,0,0,0,0.329,0,0.081,0,0,0,0,0,0.101,0,0,0.088,0
PEXXX(36:00)_[M+H]1+,PE,748.5856,0,0,0,0,0,0.028,0,0,0,0,0,0,0,0.034,0,0
PEXXX(36:02)_[M+H]1+,PE,744.5543,0,0,0.094,0.547,0,0.122,0,0,0.152,0,0,0.778,0.058,0.127,0,0.033
PEXXX(38:01)_[M+H]1+,PE,774.6013,0,0,0,0,0,0,0,0,0.178,0,0,0,0,0,0,0
PEXXX(38:02)_[M+H]1+,PE,772.5857,0,0,0,0,0,0,0,0.108,0,0,0,0.07,0.02,0,0,0
PEXXX(40:10)_[M+H]1+,PE,784.4912,0,0.077,0,0.481,0,0,0,0.081,0,0,0,0,0,0,0,0
PEXXX(42:03)_[M+H]1+,PE,826.632,0,0.073,0,0,0,0.051,0.252,0,0,0,0,0,0,0,0,0
PEXXX(42:09)_[M+H]1+,PE,814.5381,0.115,0,0,0.152,0.003,0.024,0,0,0,0,0,0.068,0,0,0,0
PE-OX(36:04)_[M+H]1+,PE-O,726.5432,0,0,0,0,0,0,0,0.126,0,0,0,0,0,0.07,0,0
PE-OX(42:06)_[M+H]1+,PE-O,806.6058,0.322,0,0.293,0.641,0,0.415,0.533,0,0,0.073,0,0.229,0,0.151,0.171,0.031
PE-OX(40:08)_[M+H]1+,PE-O,774.5432,0,0,0,5.118,0,0.409,0.145,0,0,0.06,0,0,0,0.099,0,0
PGXXX(32:00)_[M+Na]1+,PG,745.499,0.148,0,0,0.127,0.09,0,0.141,0,0,0,0,0,0,0.776,0,0
PGXXX(33:02)_[M+H]1+,PG,733.5014,0,0,0,0.089,0,0,0,0,0,0,0,0,0,0,0.111,0
PGXXX(33:03)_[M+Na]1+,PG,753.4677,0.149,2.308,0,10.337,2.757,0.044,0,0,0,0,0,0,0.081,0.221,0,0
PGXXX(34:00)_[M+NH4]1+,PG,768.5749,1.446,0.107,0.256,1.834,0.834,4.044,4.605,1.143,0.224,1.414,8.681,2.238,2.573,0.971,11.985,0.229
PGXXX(34:01)_[M+Na]1+,PG,771.5147,0,0,0,10.758,0,0.013,0,0,0,0,0,0,0.074,0,0,0
PGXXX(34:03)_[M+H]1+,PG,745.5014,0.148,0,0,0.127,0.09,0,0.141,0,0,0,0,0,0,0.776,0,0
PGXXX(35:06)_[M+H]1+,PG,753.4701,0.149,2.308,0,10.337,2.757,0.044,0,0,0,0,0,0,0.081,0.221,0.067,0
PGXXX(36:00)_[M+H]1+,PG,779.5797,0,0,0,0.086,0,0.029,0,0,0,0,0,0,0,0,0,0
PGXXX(36:01)_[M+Na]1+,PG,799.546,0,0,0,0.413,0,0,0,0,0,0,0,0,0,0.063,0,0
PGXXX(36:02)_[M+H]1+,PG,775.5484,0,0,0,0.011,0,0,0.128,0.105,0,0,0,0,0,0,0,0.034
PGXXX(36:03)_[M+H]1+,PG,773.5327,0,0,0,0.176,0,0,0,0,0,0,0,0,0,0,0,0
PGXXX(36:03)_[M+Na]1+,PG,795.5147,0,0,0,0,0,0,0,0,0,0,0,0,0,0,0,0
PGXXX(36:04)_[M+H]1+,PG,771.5171,0,0,0,10.758,0,0,0,0,0,0,0,0,0.001,0,0,0
PGXXX(37:01)_[M+Na]1+,PG,813.5616,0,0,0,0.296,0,0,0.67,0,0,0,0,0,0,0.079,0,0
PGXXX(37:06)_[M+H]1+,PG,781.5014,0,0,0,4.977,0.087,0,0.192,0,0,0,0,0,0,0,0,0
PGXXX(37:06)_[M+Na]1+,PG,803.4834,0,0,0,0,0,0,0,0,0,0,0,0,0,0,0,0
PGXXX(38:00)_[M+H]1+,PG,807.611,0,0,0,0,0,0.044,0.139,0,0,0,0,0,0,0.157,0,0
PGXXX(38:05)_[M+H]1+,PG,797.5327,0,0,0,0.539,0.15,0.071,3.482,0.059,0,0.284,0,0,0.667,0.675,0,0
PGXXX(38:06)_[M+H]1+,PG,795.5171,0,0,0,0,0,0,0,0,0,0,0,0,0,0,0,0
PGXXX(39:00)_[M+H]1+,PG,821.6266,0.128,0,0,25.955,0.045,0,0,0,0.066,0.061,0,0,0,0.001,0,0
PGXXX(39:00)_[M+Na]1+,PG,843.6086,0,0,0,0,0,0,0,0,0,0,0,0,0,0,0,0
PGXXX(39:01)_[M+Na]1+,PG,841.5929,0,0,0,0,0,0,0,0,0,0,0,0,0,0,0,0
PGXXX(39:02)_[M+H]1+,PG,817.5953,0,0,0,0,0,0,0,0,0,0,0,0,0,0,0,0
PGXXX(39:04)_[M+H]1+,PG,813.564,0,0,0,0.296,0,0,0.67,0,0,0,0,0,0,0.079,0,0
PGXXX(39:07)_[M+Na]1+,PG,829.499,14.754,0.211,10.15,4.791,0.59,0,10.792,0,0,10.136,2.353,0.809,0,7.698,2.621,3.154
PGXXX(41:01)_[M+Na]1+,PG,869.6242,0,0,0,0,0,0,0,0,0,0,0.144,0,0,0.11,0,0
PGXXX(42:05)_[M+H]1+,PG,853.5953,0,0,0,4.219,0,0,0.854,0,0,0,0,0,0,0,0,0.028
PGXXX(42:10)_[M+H]1+,PG,843.5171,0,0.087,0,0.156,0,0,0,0.12,0,0,0,0,0,0,0,0
PGXXX(43:04)_[M+H]1+,PG,869.6266,0,0,0,0,0,0,0,0,0,0,0.144,0,0,0.002,0,0
PGXXX(44:12)_[M+Na]1+,PG,889.499,0,0,0,0,0,0,0,0,0,0,0,0,0,0,0,0
PG-OX(32:01)_[M+NH4]1+,PG-O,724.5487,0,0,0,0.007,0,0,0,0.003,0,0,0,0,0,0,0,0
PG-OX(34:01)_[M+NH4]1+,PG-O,752.58,0,0,0,0,0,0,0,0,0,0,0,0,0.052,0,0,0
PG-OX(37:02)_[M+Na]1+,PG-O,797.5667,0,0,0,0.049,0,0,0.112,0,0,0,0,0,0,0,0,0
PG-OX(39:00)_[M+Na]1+,PG-O,829.6293,0.004,0,0,0,0,0,0,0,0,0,0,0,0,8.25,0,0
PG-OX(40:00)_[M+NH4]1+,PG-O,838.6895,0,0,0,0,0,0.062,0,0,0.145,0,0,0,0,0,0,0
PG-OX(40:06)_[M+Na]1+,PG-O,831.551,0,0,0,0,0,0.121,0,0.089,0,0,0,0,0,0,0,0
PG-OX(42:06)_[M+Na]1+,PG-O,859.5823,0,0,0,3.322,0,0,0,0,0,0,0,0,0,0,0,0
PG-OX(39:02)_[M+Na]1+,PG-O,825.598,0,0,0,0,0,0,0,0,0.248,0,0,0,0,0.004,0,0
PG-OX(42:03)_[M+Na]1+,PG-O,865.6293,0,0,0,20.044,0,0,0,0,0,0,0,0,0,0.132,0,0
PIXXX(26:00)_[M+NH4]1+,PI,744.4658,0,0,0,0,0,0,0,0,0,0,0,0,0,0,0,0
PIXXX(29:01)_[M+Na]1+,PI,789.4525,0,0,0,0.474,0,0,0.142,0,0,0,0,0,0,0,0,0
PIXXX(30:01)_[M+H]1+,PI,781.4862,0,0,0,4.977,0.363,0,0.091,0,0,0,0,0,0,0,0,0
PIXXX(30:02)_[M+Na]1+,PI,801.4525,0,0,0,0,0,0,0,0.098,0,0,0,0,0,0,0,0
PIXXX(30:03)_[M+NH4]1+,PI,794.4814,0,0,0,0,0,0,0.122,0,0,0,0,0,0,0,0,0
PIXXX(34:03)_[M+Na]1+,PI,855.4994,0,0,0,0,0,0,0,0,0.089,0,0,0,0,0,0,0
PIXXX(36:04)_[M+Na]1+,PI,881.5151,0,0,0,0,0,0,0,0,0,0,0,0,0,0,0,0
PIXXX(37:04)_[M+Na]1+,PI,895.5307,0,0,0,0.117,0,0,0,0,0,0,0,0,0,0,0,0
PIXXX(37:06)_[M+Na]1+,PI,891.4994,0,0,0,0,0,0,0,0,0,0,0,0,0,0,0,0
PIXXX(37:07)_[M+Na]1+,PI,889.4838,0,0,0,0,0,0,0,0,0,0,0,0,0,0,0,0
PIXXX(38:07)_[M+H]1+,PI,881.5175,0,0,0,0,0,0,0,0,0,0,0,0,0,0,0,0
PIXXX(39:08)_[M+Na]1+,PI,915.4994,0,0,0,0,0,0,0,0.08,0,0,0,0,0,0,0,0
PIXXX(39:08)_[M+NH4]1+,PI,910.544,0,0.08,0,0,0,0,0,0,0,0,0,0,0,0.04,0,0
PIXXX(40:07)_[M+H]1+,PI,909.5488,0,0,0,0,0,0.101,0,0.107,0,0,0,0,0,0,0,0
PIXXX(41:00)_[M+H]1+,PI,937.674,0,0,0,2.067,0,0,0.103,0,0,0,0,0,0,0,0,0
PIXXX(41:01)_[M+Na]1+,PI,957.6403,0,0,0,4.384,0,0.035,0,0,0,0,0,0,0,0.153,0,0
PIXXX(42:04)_[M+Na]1+,PI,965.609,0,0,0,0,0,0,0,0,0,0,0,0,0,0,0,0
PIXXX(42:06)_[M+H]1+,PI,939.5957,0,0.188,0.092,0.086,0,0,0.121,0.074,0,0,0,0,0,0,0,0
PIXXX(42:09)_[M+NH4]1+,PI,950.5753,0,0,0,0,0,0,0,0,0,0,0,0,0,0,0,0
PIXXX(43:04)_[M+H]1+,PI,957.6427,0,0,0,4.384,0,0.037,0,0,0,0,0,0,0,0.168,0,0
PIXXX(44:07)_[M+H]1+,PI,965.6114,0,0,0,0,0,0,0,0,0,0,0,0,0,0,0,0
PI-OX(31:01)_[M+Na]1+,PI-O,803.5045,0,0,0,0,0,0,0,0,0,0,0,0,0,0,0,0
PI-OX(32:01)_[M+H]1+,PI-O,795.5382,0,0,0,0.186,0,0,0,0,0,0,0,0,0,0,0,0
PI-OX(33:01)_[M+NH4]1+,PI-O,826.5804,0.083,0,0,0.124,0,0,0,0,0,0,0,0,0,0.189,0,0
PI-OX(34:00)_[M+NH4]1+,PI-O,842.6117,0,0,0,0,0,0.042,0.088,0,0,0,0,0,0,0,0,0
PI-OX(34:01)_[M+H]1+,PI-O,823.5695,0,0,0,0.068,0,0,0,0,0,0,0,0,0,0,0,0
PI-OX(34:02)_[M+NH4]1+,PI-O,838.5804,0,0,0,0.384,0,0,0,0,0,0,0,0,0,0,0,0
PI-OX(34:03)_[M+Na]1+,PI-O,841.5201,0,0,0,11.233,0,0,0.132,0,0,0,0,0,0.136,0,0,0
PI-OX(35:01)_[M+Na]1+,PI-O,859.5671,0,0,0,3.322,0,0,0,0,0,0,0,0,0,0,0,0
PI-OX(35:02)_[M+Na]1+,PI-O,857.5514,0,0,0,0,0,0,0,0,0,0,0,0,0,0.069,0,0
PI-OX(36:00)_[M+NH4]1+,PI-O,870.643,0.068,0,0,0,0,0,0,0,0,0,0,0,0,0,0.046,0
PI-OX(36:05)_[M+H]1+,PI-O,843.5382,0,0.085,0,0.173,0,0,0,0.125,0,0,0,0,0,0,0,0
PI-OX(36:05)_[M+NH4]1+,PI-O,860.5647,0,0,0,0.539,0,0,0,0,0,0,0,0,0,0.035,0,0
PI-OX(37:01)_[M+H]1+,PI-O,865.6164,0,0,0,20.044,0,0,0,0,0,0,0,0,0,0.132,0,0
PI-OX(38:00)_[M+NH4]1+,PI-O,898.6743,0,0,0,0,0,0,0,0,0,0,0.251,0,0,0,0,0
PI-OX(38:01)_[M+NH4]1+,PI-O,896.6586,0,0,0,0,0,0,0,0,0,0,0.331,0,0,0,0,0
PI-OX(38:02)_[M+H]1+,PI-O,877.6164,0,0,0,0,0.065,0,0,0,0,0,0,0,0,0,0,0
PI-OX(38:02)_[M+NH4]1+,PI-O,894.643,0,0,0,0.096,0,0,0,0,0,0,0,0,0,0,0,0
PI-OX(38:04)_[M+H]1+,PI-O,873.5851,0,0,0,0.225,0,0,0,0,0.116,0,0,0,0,0,0,0
PI-OX(40:00)_[M+NH4]1+,PI-O,926.7056,0,0,0,0,0,0,0,0,0,0,0,0,0,0,0,0
PI-OX(40:02)_[M+Na]1+,PI-O,927.6297,0,0,0,0,0,0,0,0,0,0,0,0,0,0,0,0
PI-OX(40:02)_[M+NH4]1+,PI-O,922.6743,0,0,0.09,0.147,0,0,0,0,0,0,0,0,0,0.072,0,0
PI-OX(40:06)_[M+Na]1+,PI-O,919.5671,0,0,0,0.006,0,0,0,0,0,0,0,0,0,0,0,0
PI-OX(29:01)_[M+Na]1+,PI-O,775.4732,0,0,0,0,0,0,0,0,0,0,0,0,0,0,0,0
PI-OX(33:03)_[M+NH4]1+,PI-O,822.5491,0,0,0,0,0,0,0,0,0,0,0,0,0,0,0,0
PI-OX(34:05)_[M+Na]1+,PI-O,837.4888,0,0,0,0.057,0,0,0,0,0,0,0,0,0,0,0,0
PI-OX(36:06)_[M+H]1+,PI-O,841.5225,0,0,0,11.233,0,0,0.132,0,0,0,0,0,0.136,0,0,0
PI-OX(36:06)_[M+NH4]1+,PI-O,858.5491,0,0,0,0,0,0,0,0,0,0,0,0,0,0,0,0
PI-OX(41:01)_[M+H]1+,PI-O,921.679,0,0,0,0.113,0,0,0,0,0,0,0,0,0,0,0,0
PI-OX(42:03)_[M+NH4]1+,PI-O,948.6899,0,0,0,0,0,0,0,0,0,0,0,0,0.019,0,0,0
PI-OX(42:05)_[M+H]1+,PI-O,927.6321,0,0,0,0,0,0,0,0,0,0,0,0,0,0,0,0
PI-OX(42:05)_[M+NH4]1+,PI-O,944.6586,0,0,0,0.126,0,0,0.111,0,0,0,0,0,0,0,0,0
PSXXX(28:00)_[M+Na]1+,PS,702.4317,0,0,0,0.005,0.008,0,0,0,0.004,0,0,0.126,0,0,0,0
PSXXX(33:00)_[M+Na]1+,PS,772.5099,0,0,0,2.293,0,0,0.045,0.054,0,0,0,0,0,0,0,0
PSXXX(33:03)_[M+H]1+,PS,744.481,0,0,0,0.349,0,0,0,0,0,0,0,0,0,0,0,0
PSXXX(34:06)_[M+Na]1+,PS,774.4317,0,0,0,0,0,0,0,0,0,0,0,0,0,0,0,0
PSXXX(35:03)_[M+H]1+,PS,772.5123,0,0,0,2.293,0,0,0.045,0,0,0,0,0,0,0,0,0
PSXXX(35:04)_[M+H]1+,PS,770.4967,0,0,0,0,0,0,0,0,0,0,0,0.073,0,0,0,0
PSXXX(36:02)_[M+H]1+,PS,788.5436,0,0,0,0,0,0.026,0,0,0,0,0,0,0,0.114,0,0
PSXXX(37:04)_[M+H]1+,PS,798.528,0.143,0,0,0.111,0,0,0.107,0,0,0,0.14,0,0.066,0,0,0
PSXXX(38:01)_[M+H]1+,PS,818.5906,0,0.21,0,5.906,0.099,0,0,0.004,0,0,0,0,0.044,0.109,0,0
PSXXX(38:03)_[M+Na]1+,PS,836.5412,0,0,0.099,0,0,0.923,0.153,0,0.372,0,0,0.176,0,0,0,0.064
PSXXX(39:08)_[M+Na]1+,PS,840.4786,0,0,0,0,0,0,0,0,0,0,0,0,0,0,0,0
PSXXX(40:03)_[M+H]1+,PS,842.5906,0,0,0,0,0,0,0.153,0,0,0,0,0,0,0.404,0,0
PSXXX(40:06)_[M+Na]1+,PS,858.5256,0,0,0,0,0,0,0,0,0,0,0,0,0,0,0.065,0
PSXXX(41:02)_[M+H]1+,PS,858.6219,0,0,0,0,0,0,0,0,0,0,0,0.078,0,0,0,0
PSXXX(41:02)_[M+Na]1+,PS,880.6038,0,0,0,0,0,0,0,0,0,0,0,0,0,0,0,0
PSXXX(42:09)_[M+H]1+,PS,858.528,0,0,0,0,0,0,0,0,0,0,0,0,0,0,0,0
PSXXX(42:09)_[M+Na]1+,PS,880.5099,0,0,0,0,0,0,0,0,0,0,0,0,0,0,0,0
PSXXX(44:08)_[M+Na]1+,PS,910.5569,0,0.08,0,0,0,0,0,0,0,0,0,0,0,0.08,0,0
PS-OX(38:03)_[M+H]1+,PS-O,800.58,0,0.109,0,0,0.106,0.055,0,0,0.15,0,0,0,0.238,0.685,0,0
PS-OX(39:01)_[M+H]1+,PS-O,818.6269,0,0,0,0,0,0,0,0,0,0.089,0,0,0,0,0,0
PS-OX(40:04)_[M+H]1+,PS-O,826.5956,0.132,0,0,0,0,0,0,0.143,0,0,0,0,0,0.227,0,0
PS-OX(40:04)_[M+Na]1+,PS-O,848.5776,0,0,0,0.211,0,0,0,0,0,0,0,0,0,0,0,0
PS-OX(40:06)_[M+H]1+,PS-O,822.5643,0,0,0,0,0,0,0,0,0,0,0,0,0,0,0,0
PS-OX(41:00)_[M+Na]1+,PS-O,870.6558,0,0,0,0,0,0,0,0,0,0,0,0,0,0,0.182,0
PS-OX(42:04)_[M+H]1+,PS-O,854.6269,0.146,0,0,0.078,0,0,0,0,0,0,0,0,0,0,0,0
PS-OX(36:06)_[M+Na]1+,PS-O,788.4837,0,0,0,8.874,0,0.061,1.204,0,0,0,0,0,0,0.012,0,0
SMXXX(32:01)_[M+H]1+,SM,675.5436,0,0,0,0,0,0,0,0.131,0,0,0,0,0,0,0,0
SMXXX(32:02)_[M+H]1+,SM,673.5279,0.927,0,1.563,9.708,0,0.078,3.802,0.08,0,1.289,0,0.102,0.319,3.086,0.176,0.362
SMXXX(34:01)_[M+H]1+ / DGXXX(44:08)_[M+H-H2O]1+,SM,703.5749,0.374,6.92,1.67,0.385,3.18,2.444,0.33,3.334,0.543,0.254,0,2.596,0.193,0.664,0,0.294
SMXXX(34:02)_[M+H]1+,SM,701.5592,0,0,0,0,0,0,0,0.106,0,0,0.581,0,0,0,0,0
SMXXX(36:01)_[M+H]1+,SM,731.6062,2.434,10.196,8.642,5.049,0.95,10.086,8.543,4.243,5.652,1.554,0,6.373,0.057,3.585,0,0.741
SMXXX(36:02)_[M+H]1+,SM,729.5905,0,0,0,0,0,0.034,0,0,0,0,0,0,0.512,0,0,0
SMXXX(36:04)_[M+H]1+,SM,725.5593,0,0,0,0,0,0,0,0,0,0,0,0,0,0,0,0
SMXXX(38:01)_[M+H]1+,SM,759.6375,0,0.095,0,0,0,0,0,0,0,0,0,0,0.038,0,0,0
SMXXX(38:02)_[M+H]1+,SM,757.6218,0,0,0,0,0,0,0,0.628,0,0,0,0,1.392,0.281,0,0
SMXXX(39:01)_[M+H]1+,SM,773.6531,0,0,0,0,0,0,0,0,0,0,0,0,0,0,0,0
SMXXX(40:01)_[M+H]1+,SM,787.6688,0,0,0,0,0,0,0,0.213,0,0,0,0,0,0,0,0.029
SMXXX(40:02)_[M+H]1+,SM,785.6531,0,0,0,0,0,0,2.713,0.244,0,0,0,0,0,0.146,0,0.033
SMXXX(40:07)_[M+H]1+,SM,775.575,0,0,0,0.578,0,0,0,0.099,0,0,0,0,0,0,0,0
SMXXX(41:01)_[M+H]1+,SM,799.6688,0,0,0,0,0,0,0,0,0,0.12,0,0,0,0,0,0
SMXXX(41:04)_[M+H]1+,SM,795.6376,0,0.004,0,0,0.01,0,0.009,0.178,0,0,0,0,0.002,0,0,0.002
SMXXX(42:01)_[M+H]1+,SM,815.7001,0.094,0,0,0.093,0,0,0.106,0.062,0,0,0,0,0,0,0,0.021
SMXXX(42:02)_[M+H]1+,SM,813.6844,0,0.433,0.086,0,0,0.127,0.129,0.463,0,0.091,0.176,0.425,0,0,0,0.036
SMXXX(43:06)_[M+H]1+,SM,819.6376,0,0,0,0,0,0,0,0,0,0.114,0,0,0,0,0,0
SMXXX(44:02)_[M+H]1+,SM,841.7157,0,0,0,0,0,0,0,0,0.3,0,0,0,0,0,0,0
SMXXX(45:00)_[M+H]1+,SM,859.7628,0,0,0,0,0,0,0,0,0,0,0,0,0,0,0,0
SMXXX(47:01)_[M+H]1+,SM,885.7784,0,0,0,0.564,0.117,0,0.15,0.258,0,0,0,0,0.136,0.096,0,0
TGXXX(36:00)_[M+Na]1+,TG,661.5378,0,0.098,0.126,0.004,0.099,0,0,3.344,0,0.144,0,0,0.076,0.038,0.021,0.04
TGXXX(38:01)_[M+NH4]1+,TG,682.598,0.616,1.479,0.168,0.304,0.824,0.342,0.344,0.362,3.78,0.415,0.441,0.366,0.317,0.093,0.653,0.087
TGXXX(38:03),TG,678.5672,0,0,0,0,0,0.036,0,0,0,0,0,0,0,0,0,0
TGXXX(40:01)_[M+NH4]1+,TG,710.6293,0,0.128,0.121,0,0,0.031,0,0,0,0,0,0,0,0,0,0
TGXXX(41:02)_[M+Na]1+,TG,727.5847,0,0,0,0.081,0,0,0,0,0,0,0,0,0,0,0,0
TGXXX(42:02)_[M+NH4]1+,TG,736.645,0,0,0,0,0,0,0,0,0.08,0,0,0,0.925,0,0,0.032
TGXXX(42:04)_[M+Na]1+,TG,737.5691,0,0.018,0,0,0,0,0.014,0,0,0,0,0.008,0,0,0.001,0.005
TGXXX(43:01)_[M+NH4]1+,TG,752.6763,0,0,0,0,0,0,0,0,0,0,0,0,32.848,0,0,0
TGXXX(43:02)_[M+Na]1+,TG,755.616,0,0,0,0.113,0,0,0,0,0,0,0,0,0,0,0,0
TGXXX(43:03)_[M+NH4]1+,TG,748.645,0,0,0,0,0,0,0,0,0,0,0,0,0.074,0,0,0
TGXXX(43:04)_[M+NH4]1+,TG,746.6293,0,0,0,0,0,0,0.247,0,0,0,0,0,0,0,0,0
TGXXX(43:05),TG,744.6141,0,0,0,0,0,0,0,0.076,0,0,0,0,0,0,0,0
TGXXX(44:01)_[M+Na]1+,TG,771.6473,0,0,0,0,0,0,0,0,0,0,0,0,0,0,0,0
TGXXX(45:03)_[M+Na]1+,TG,781.6317,0,0,0,0,0,0,0,0.124,0.157,0,0,0,0,0,0,0
TGXXX(46:02)_[M+Na]1+,TG,797.663,0,0,0,0,0,0,0,0.108,0,0,0,0,0,0,0,0
TGXXX(46:03)_[M+Na]1+,TG,795.6473,0,0,0,0,0,0,0,0.357,0,0,0,0,0,0,0,0
TGXXX(46:04)_[M+NH4]1+,TG,788.6763,1.856,3.299,1.009,0.42,2.511,0.339,0.892,0,0,0,0.209,0.792,3.321,0.81,1.569,0.465
TGXXX(46:05)_[M+NH4]1+,TG,786.6606,0.173,0,0,0,0,0,0.223,0.729,0,0,0,0,0,0,0,0
TGXXX(47:03)_[M+Na]1+,TG,809.663,0,0,0,0,0,0,0,0,0,0,0,0,0,0,0,0
TGXXX(48:00)_[M+Na]1+,TG,829.7256,0.133,1.214,1.105,3.544,0.498,0.078,2.97,0,0,0,0.228,0.161,1.449,0.56,0.161,0.304
TGXXX(48:01)_[M+Na]1+,TG,827.7099,0,0,0,0.09,0.062,0,0,0,0,0,0,0,0,0.211,0,0.127
TGXXX(48:01)_[M+NH4]1+,TG,822.7545,3.326,11.359,11.645,9.451,11.418,18.385,0.917,8.044,5.235,8.551,0.415,16.953,11.688,15.373,3.743,23.651
TGXXX(48:02)_[M+Na]1,TG,825.6943,0,0,0,0,0,0,0,0,0,0,0,0,0,0,0,0.043
TGXXX(48:02)_[M+NH4]1+,TG,820.7389,0.198,5.763,2.773,2.015,6.515,11.392,0.152,5.829,0.922,7.916,0.461,17.42,10.498,14.182,1.598,22.11
TGXXX(48:03)_[M+Na]1+,TG,823.6786,0,0,0,0,0,0,0,0,0,0,0,0,0,0,0,0
TGXXX(48:06)_[M+NH4]1+,TG,812.6763,0,0,0,0.021,0,0,0,0,0,0,0,0,0.002,0,0,0
TGXXX(49:02)_[M+NH4]1+,TG,834.7545,0,0,0,0.069,0,0,0,0.26,0,0,0,0.137,0.076,0,0,1.012
TGXXX(49:04)_[M+NH4]1+,TG,830.7232,0,0.184,0.312,0.906,0.09,0,0.28,0,0,0.176,0,0,0.136,0.155,0,0
TGXXX(50:00)_[M+Na]1+,TG,857.7569,0.441,1.31,2.748,3.847,2.137,0.046,3.056,1.008,0,0.579,0.473,0.202,1.689,0.71,0.394,0.392
TGXXX(50:01)_[M+Na]1+,TG,855.7412,0,0,0.131,0.273,0,0.186,0.129,0,0,0,0,0,1.894,0,0,0.779
TGXXX(50:01)_[M+NH4]1+,TG,850.7858,11.685,28.883,26.818,21.981,20.859,33.682,3.559,25.449,21.067,19.463,5.877,20.66,28.717,24.7,14.959,41.062
TGXXX(50:02)_[M+Na]1+,TG,853.7256,0,0.1,0.128,0.283,0,0.101,0,0.133,0,0,0,0.254,2.983,0.224,0,1.646
TGXXX(50:02)_[M+NH4]1+,TG,848.7702,10.256,22.876,23.297,18.028,23.028,41.932,5.899,33.671,11.067,29.047,5.925,39.885,55.255,40.56,20.494,71.634
TGXXX(50:03)_[M+H]1+,TG,846.755,0,6.038,4.18,1.989,6.692,15.407,0.505,12.744,0.401,12.09,0.368,17.364,30.107,17.378,3.953,32.812
TGXXX(50:03)_[M+Na]1+,TG,851.7099,0,0,0,0,0,0,0,0,0,0,0,0,0.287,0.096,0,0.265
TGXXX(50:03)_[M+NH4]1+,TG,846.7545,0,6.038,4.18,1.989,6.692,15.407,0.505,12.744,0.401,12.09,0.368,17.364,30.107,17.378,3.953,32.812
TGXXX(50:04)_[M+NH4]1+,TG,844.7389,0,0.602,0,0.096,0,1.092,0,0.131,0,0.297,0.199,0.876,6.322,0.625,0,5.446
TGXXX(50:05)_[M+Na]1+,TG,847.6786,0,0,0,0,0,0,0,0.111,0,0,0,0,0,0,0,0
TGXXX(50:06)_[M+Na]1+,TG,845.663,0,0,0,0,0,0,0,0,0,0,0,0,0,0,0,0
TGXXX(50:07)_[M+NH4]1+,TG,838.6919,0,0,0,0,0,0.062,0,0,0.145,0,0,0,0,0,0,0
TGXXX(51:04)_[M+NH4]1+,TG,858.7545,0,0.396,0.252,1.76,0.33,0,0.62,0,0,0.108,0.561,0,0.245,0.173,0.319,0.033
TGXXX(51:05)_[M+NH4]1+,TG,856.7389,0,0,0,0,0.097,0.07,0,0,0,0,0,0,0.302,0,0,0.234
TGXXX(51:06)_[M+NH4]1+,TG,854.7232,0,0,0,0,0,0.042,0,0,0,0,0,0.078,0.63,0.134,0,0.704
TGXXX(51:07)_[M+NH4]1+,TG,852.7076,0,0,0,0,0,0,0.113,0,0,0,0,0,0.699,0,0,0.03
TGXXX(52:00)_[M+Na]1+,TG,885.7882,0,0,0,0.564,0.117,0,0.15,0.327,0,0,0,0,0.136,0.096,0,0
TGXXX(52:02)_[M+Na]1+,TG,881.7569,0,0.338,0.111,0.394,0,0.33,0,0,0,0.114,0,0.072,2.139,0.229,0,2.178
TGXXX(52:02)_[M+NH4]1+,TG,876.8015,10.791,36.274,34.47,22.294,30.99,45.115,3.482,43.981,20.096,35.653,10.016,36.525,43.859,43.915,27.651,84.717
TGXXX(52:03)_[M+Na]1+,TG,879.7412,0,0.221,0,0.203,0.191,0.046,0,0,0,0,0,0,4.889,0.178,0,2.242
TGXXX(52:03)_[M+NH4]1+,TG,874.7858,3.977,24.779,18.623,12.517,23.53,38.46,4.102,42.622,7.535,33.045,9.804,31.355,90.057,41.484,24.446,80.846
TGXXX(52:04)_[M+NH4]1+,TG,872.7702,0.125,7.847,0.956,0.442,3.879,11.794,0.451,14.89,0.502,9.916,0.205,7.372,61.401,10.343,1.715,25.217
TGXXX(52:05)_[M+Na]1+,TG,875.7099,0.133,0,0,0,0,0,0.113,0,0,0,0,0,0.093,0,0,0
TGXXX(52:06)_[M+Na]1+,TG,873.6943,0,0,0,0,0,0.029,0,0,0,0,0,0,0.562,0,0,0
TGXXX(52:07)_[M+Na]1+,TG,871.6762,0,0,0,0,0,0,0,0,0,0,0,0,0,0,0,0
TGXXX(52:08)_[M+Na]1+,TG,869.663,0,0,0,0,0,0,0,0.005,0,0,0,0,0,0,0.275,0
TGXXX(52:10)_[M+Na]1+,TG,865.6317,0,0,0,20.044,0,0,0,0,0,0,0,0,0,0.124,0,0
TGXXX(53:03)_[M+NH4]1+,TG,888.8015,0,0,0,0,0,0,0,0,0,0,0,0.068,0.564,0.088,0,1.324
TGXXX(53:04)_[M+NH4]1+,TG,886.7858,0,0,0,0.12,0,0.023,0,0,0,0,0,0,0.06,0,0,0.045
TGXXX(53:06)_[M+NH4]1+,TG,882.7545,0,0,0,0.074,0.083,0.07,0,0,0,0,0,0,0.391,0.087,0,0.759
TGXXX(53:07)_[M+NH4]1+,TG,880.7389,0,0,0,0,0,0,0.12,0.112,0,0,0,0.084,2.054,0,0,0.638
TGXXX(53:08)_[M+Na]1+,TG,883.6786,0,0,0,0,0,0,0,0,0,0,0,0,0,0,0,0
TGXXX(53:10)_[M+NH4]1+,TG,874.6919,0.128,0,0,0,0,0,0,0,0,0,0,0.083,0.238,0,0,0
TGXXX(54:01)_[M+NH4]1+,TG,906.8484,0,0.081,0.29,0.357,0,0.161,0,0,9.275,0,0,0.082,0,0,0,0.612
TGXXX(54:02)_[M+Na]1+,TG,909.7882,0,0,0,0,0,0,0,0,0,0,0,0,0,0.072,0,0
TGXXX(54:02)_[M+NH4]1+,TG,904.8328,0.191,4.672,3.759,1.315,1.01,5.2,0,3.593,3.264,0.382,0,0.975,1.803,0.499,0.326,6.792
TGXXX(54:03)_[M+NH4]1+,TG,902.8171,2.703,21.503,18.427,9.695,14.76,24.604,0.77,24.767,12.539,19.549,3.975,18.508,26.206,23.554,13.665,44.628
TGXXX(54:06)_[M+Na]1+,TG,901.7256,0,0,0,0.085,0,0,0,0,0,0,0,0.058,0,0,0,0
TGXXX(54:07)_[M+Na]1+,TG,899.7099,0,0,0,0,0,0,0,0,0,0,0,0,0,0,0,0
TGXXX(54:11)_[M+Na]1+,TG,891.6473,0,0,0.003,0,0,0,0,0,0,0,0,0,0,0.079,0,0
TGXXX(55:01)_[M+NH4]1+,TG,920.8641,0,0,0,0,0,0,0,0,0,0,0,0,0,0,0,0
TGXXX(56:05)_[M+NH4]1+,TG,926.8171,0,0,0.175,0,0.042,0.078,0,0.174,0,0,0,0,19.422,0,0,0.811
TGXXX(56:06)_[M+NH4]1+,TG,924.8015,0,0,0,0,0,0,0,0,0,0,0,0.088,0.489,0,0,1.364
TGXXX(56:07)_[M+NH4]1+,TG,922.7858,0,0,0,0,0,0.043,0,0,0,0,0,0,0.077,0,0,0.85
TGXXX(56:08)_[M+Na]1+,TG,925.7256,0,0,0,0,0,0,0,0,0,0,0,0,0,0,0,0
TGXXX(56:09)_[M+Na]1+,TG,923.7099,0,0,0,0,0,0,0,0,0,0,0,0,0,0,0,0
TGXXX(56:10)_[M+Na]1+,TG,921.6943,0,0,0,0.113,0,0,0,0,0,0,0,0,0,0,0,0
TGXXX(57:00)_[M+Na]1+,TG,955.8664,0,0,0,0,0,0,0,0,0,0,0,0,0,0,0,0.026
TGXXX(57:12)_[M+NH4]1+,TG,926.7232,0,0,0,0,0,0,0,0.118,0,0,0,0,0,0,0,0
TGXXX(58:02)_[M+Na]1+,TG,965.8508,0,0,0,0,0,0,0,0,0,0,0,0,0,0,0,0
TGXXX(58:02)_[M+NH4]1+,TG,960.8954,0,0,0,0,0.095,0,0.194,0,0.114,0,0,0,0,0,0,0
TGXXX(58:04)_[M+Na]1+,TG,961.8195,0,0,0,0,0,0,0,0,0,0,0,0,0,0,0,0
TGXXX(58:07)_[M+Na]1+,TG,955.7725,0,0,0,0,0,0,0,0,0,0,0,0,0,0,0,0
TGXXX(58:09)_[M+NH4]1+,TG,946.7858,0,0,0,0,0,0,0,0,0,0,0,0,0,0,0,0
TGXXX(58:12)_[M+Na]1+,TG,945.6943,0,0,0,0,0,0,0,0,0,0,0,0,0,0,0,0
TGXXX(59:03)_[M+Na]1+,TG,977.8508,0,0,0.005,0.002,0,0,0,0,0,0.045,0,0,0.157,0.048,0,0
TGXXX(59:08)_[M+NH4]1+,TG,962.8171,0,0,0,0,0,0,0,0,0,0,0,0,0,0,0,0
TGXXX(60:00)_[M+Na]1+,TG,997.9134,0,0,0,0,0,0,0,0,0,0,0,0,0,0,0,0
TGXXX(60:05)_[M+Na]1+,TG,987.8351,0,0,0,0.048,0,0,0,0,0,0,0,0,0.155,0,0,0
TGXXX(60:06)_[M+Na]1+,TG,985.8195,0,0,0,0,0,0,0,0,0,0,0,0,13.826,0,0,0
TGXXX(60:11)_[M+NH4]1+,TG,970.7858,0,0,0,0,0,0,0,0,0,0,0,0,0,0,0,0
TGXXX(60:12)_[M+Na]1+,TG,973.7256,0,0,0,0,0,0,0,0,0,0,0,0,0,0,0,0
TGXXX(60:13)_[M+Na]1+,TG,971.7099,0,0,0,0,0,0,0,0,0,0,0,0,0,0,0,0
TGXXX(62:00)_[M+NH4]1+,TG,1020.9893,0,0,0,0,0,0,0,0,0,0,0,0,0,0,0,0
TGXXX(62:06)_[M+Na]1+,TG,1013.8508,0,0,0,0,0,0,0,0,0,0,0,0,0,0,0,0
TGXXX(62:08)_[M+Na]1+,TG,1009.8195,0,0,0,0,0,0,0,0,0,0,0,0,0,0,0,0
TGXXX(63:02)_[M+Na]1+,TG,1035.929,0,0,0,0,0,0,0,0,0,0,0,0,0,0,0,0
TGXXX(63:03)_[M+Na]1+,TG,1033.9134,0,0,0,0,0,0,0,0,0,0,0,0,0,0,0,0
TGXXX(63:12)_[M+NH4]1+,TG,1010.8171,0,0,0,0,0,0,0,0,0,0,0,0,0,0,0,0
TGXXX(64:13)_[M+NH4]1+,TG,1022.8171,0,0,0,0,0,0,0,0,0,0,0,0,0,0,0,0
TGXXX(65:01)_[M+NH4]1+,TG,1061.0206,0,0,0,0,0,0,0,0,0,0,0,0,0,0,0,0
TGXXX(65:06)_[M+NH4]1+,TG,1050.9423,0,0,0,0,0,0,0.06,0,0,0,0,0,0,0,0,0
TGXXX(65:07)_[M+Na]1+,TG,1053.8821,0,0,0,0,0,0,0,0,0,0,0,0,0,0,0,0
TGXXX(65:08)_[M+NH4]1+,TG,1046.911,0,0,0,0,0,0,0,0,0,0,0,0,0,0,0,0
TGXXX(65:09)_[M+NH4]1+,TG,1044.8954,0,0,0,0,0,0,0,0,0,0,0.145,0,1.324,0,0,0
TGXXX(66:08)_[M+Na]1+,TG,1065.8821,0,0,0,0,0,0,0,0,0,0,0,0,0,0,0,0
TGXXX(66:14)_[M+NH4]1+,TG,1048.8328,0,0,0,0,0,0,0,0,0,0,0,0,0,0,0,0
TGXXX(67:04),TG,1083.0054,0,0,0,0,0,0,0,0,0,0,0,0,0,0,0,0
TGXXX(68:12),TG,1080.8958,0,0,0,0,0,0,0,0,0,0,0,0,0,0,0,0
TGoxX(36:02),TGox,668.5459,0,0.116,0,0,0,0.045,0,0,0.249,0,0,0,0,0,0,0
TGoxX(39:00),TGox,714.6241,0,0,0,0,0,0,0,0,0,0,0.071,0,0,0,0.125,0
TGoxX(40:00),TGox,728.6398,0,0,0,0,0,0,0,0,0,0,0.249,0,0,0,0,0
TGoxX(41:03),TGox,736.6085,0,0,0,0.083,0,0.041,0,0,0.25,0,0,0,0,0,0,0.024
TGoxX(45:04),TGox,790.6554,0,0,0,0.093,0,0,0,0,0,0,0,0,0,0,0,0
TGoxX(54:00),TGox,924.8589,0,0,0,0,0,0,0,0,0,0,0,0,0,0,0,0
TGoxX(54:01),TGox,922.8433,0,0,0,0,0,0,0,0,0,0.079,0,0,0,0,0,0
TGoxX(56:02),TGox,948.8589,0,0,0,0,0,0,0,0,0,0,0,0,0,0,0,0
TGoxX(56:08),TGox,936.765,0,0,0,0,0,0,0,0,0,0,0.07,0,0,0,0,0
TGoxX(57:03),TGox,960.8589,0,0,0,0,0,0,0.101,0,0,0,0,0,0,0,0,0
TGoxX(57:11)_[M+H]1+,TGox,944.7337,0,0,0,0,0,0,0,0,0,0,0.243,0,0,0,0,0
TGoxX(58:01),TGox,978.9059,0,0,0,0,0,0,0,0,0,0,0,0,0,0,0,0
TGoxX(58:10),TGox,960.765,0,0,0,0,0,0,0,0,0,0,0,0,0,0,0,0
TGoxX(59:08),TGox,978.812,0,0,0,0,0,0,0,0.003,0,0,0,0,0,0,0.09,0
TGoxX(59:10),TGox,974.7806,0,0,0,0,0,0.039,0,0,0,0,0,0.049,0,0,0,0
TGoxX(59:12),TGox,970.7493,0,0,0,0,0,0,0,0,0,0,0,0,0,0,0,0
TGoxX(60:03),TGox,1002.9059,0,0,0,0,0,0,0,0,0,0,0,0,0,0,0,0
TGoxX(63:01),TGox,1048.9841,0,0,0,0,0,0,0,0,0,0,0,0,0,0,0,0
TGoxX(63:06),TGox,1038.9059,0,0,0,0,0,0,0,0,0,0,0,0,0,0,0,0
TGoxX(64:02),TGox,1060.9841,0,0,0,0,0,0,0,0,0,0,0,0,0,0,0,0
TGoxX(65:03),TGox,1072.9841,0,0,0,0,0,0,0,0,0,0,0,0,0,0,0,0
TGoxX(65:11),TGox,1056.8589,0,0,0,0,0,0,0,0,0,0,0,0,0,0,0,0
TGoxX(66:04),TGox,1084.9841,0,0,0,0,0.067,0,0,0,0,0,0,0,0,0,0.123,0
TGoxX(66:11),TGox,1070.8746,0,0,0,0,0,0,0,0,0,0,0,0,0,0,0,0
