,,Total signal,1000,1000,1000,1000,1000,1000,1000,1000,1000,1000,1000,1000,1000,1000,1000,1000,1000,1000
,,0s,93%,92%,90%,84%,65%,85%,90%,91%,76%,85%,78%,90%,86%,89%,88%,79%,84%,87%
,,Data ID,158_P2_D07_liver_18C36_PWD_lean_0.mzXML,108_P2_C06_liver_18C37_PWD_lean_0.mzXML,148_P2_D02_liver_18C40_PWD_lean_0.mzXML,206_P2_E07_liver_18C41_PWD_lean_0.mzXML,156_P2_D06_liver_18C42_PWD_lean_0.mzXML,114_P2_C09_liver_NPC1_PWD_lean_0.mzXML,166_P2_D11_liver_NPC2_PWD_lean_0.mzXML,112_P2_C08_liver_NPC3_PWD_lean_0.mzXML,204_P2_E06_liver_RC59_PWD_lean_0.mzXML,294_P2_G03_liver_18F50_PWD_obese_0.mzXML,344_P2_H04_liver_18F52_PWD_obese_0.mzXML,256_P2_F08_liver_18F54_PWD_obese_0.mzXML,360_P2_H12_liver_18F55_PWD_obese_0.mzXML,212_P2_E10_liver_18F57_PWD_obese_0.mzXML,304_P2_G08_liver_NPF1_PWD_obese_0.mzXML,312_P2_G12_liver_NPF2_PWD_obese_0.mzXML,252_P2_F06_liver_NPF4_PWD_obese_0.mzXML,342_P2_H03_liver_NPF5_PWD_obese_0.mzXML
,,Sample ID,18C36,18C37,18C40,18C41,18C42,NPC1,NPC2,NPC3,RC59,18F50,18F52,18F54,18F55,18F57,NPF1,NPF2,NPF4,NPF5
,,Phenotype,lean,lean,lean,lean,lean,lean,lean,lean,lean,obese,obese,obese,obese,obese,obese,obese,obese,obese
,,Group,PWD,PWD,PWD,PWD,PWD,PWD,PWD,PWD,PWD,PWD,PWD,PWD,PWD,PWD,PWD,PWD,PWD,PWD
,,Compartment,Liv,Liv,Liv,Liv,Liv,Liv,Liv,Liv,Liv,Liv,Liv,Liv,Liv,Liv,Liv,Liv,Liv,Liv
,,Handling,Whole,Whole,Whole,Whole,Whole,Whole,Whole,Whole,Whole,Whole,Whole,Whole,Whole,Whole,Whole,Whole,Whole,Whole
,,96wPL No.,P2,P2,P2,P2,P2,P2,P2,P2,P2,P2,P2,P2,P2,P2,P2,P2,P2,P2
,,Address,D07,C06,D02,E07,D06,C09,D11,C08,E06,G03,H04,F08,H12,E10,G08,G12,F06,H03
Lipid variable,Category,m/z,18C36,18C37,18C40,18C41,18C42,NPC1,NPC2,NPC3,RC59,18F50,18F52,18F54,18F55,18F57,NPF1,NPF2,NPF4,NPF5
CEXXX(16:03)_[M+Na]1+,SE,641.5268,0,0,0,0.725,13.457,0,0.036,0,0,0.007,0,0.634,0.43,0.05,0,0,0.027,1.125
CEXXX(18:00)_[M+Na]1+,SE,675.6051,0,0,0.478,0.001,9.047,0,0.058,0,0.069,0.431,0.488,0.376,0,0,0,0,0,0
CEXXX(18:02)_[M+Na]1+,SE,671.5738,0,0,0,0,0.017,0,0,0,0,0,0,0,0,0,0,0,0,0
CEXXX(20:04)_[M+NH4]1+,SE,690.6184,0,0,0,0,0,0,0,0,0,0,0,0,0,0,0,0,0,0
CEXXX(22:06)_[M+Na]1+,SE,719.5738,0,0,0,0,0,0,0,0,0,0,0,0,0,0,0,0,0,0
CEXXX(22:06)_[M+NH4]1+,SE,714.6184,0,0,0,0,0,0,0,0,0,0,0,0,0,0,0,0,0,0
CerXX(36:02)_[M+H-H2O]1+,Cer,546.5245,0,0,0,0,0,0,0,0,0,0,0,0,0,0,0,0,0,0
CerXX(39:01)_[M+H-H2O]1+,Cer,590.5871,0,0,0,0,17.865,0,0,0,0,0,0,0,0,0,0,0,0,0
CerXX(40:02)_[M+H]1+,Cer,620.5976,0,0,0,0,0,0,0,0,8.319,1.134,0,0,0,0,0,0.19,0,0
CerXX(41:02)_[M+H]1+,Cer,634.6133,0,0,0,0,0.125,0,0,0,0,0,0,0,0,0,0,0.149,0,0
CerXX(42:01)_[M+H-H2O]1+,Cer,632.634,0,0,0,0,0.902,0,0,0,0.263,0,0,0,0,0,0,0,0,0
CerXX(42:02)_[M+H-H2O]1+,Cer,630.6184,0,0,0,0,0,0,0,0,10.99,0,0,0,0,0,0,0,4.149,0
CerXX(43:03)_[M+H]1+,Cer,660.629,0,0,0,0,0,0,0,0,0,0,0,0,0,0,0,0,0,0
DGXXX(24:01)_[M+H-H2O]1+,TG,437.363,5.661,21.88,2.963,5.318,2.448,2.975,0,3.192,0.798,4.261,0.833,1.399,0.552,3.55,0,1.483,26.545,0.922
DGXXX(30:01)_[M+H-H2O]1+,TG,521.4564,0.959,1.746,0.974,0,21.983,1.002,0,0,0,6.536,4.321,0,30.973,0,0.667,8.62,21.293,1.739
DGXXX(30:02)_[M+H-H2O]1+,TG,519.4408,0,0,0,0,2.146,0.471,0,0,0,0.781,0.248,0,0,0,0,0.145,0,0
DGXXX(32:01)_[M+H-H2O]1+,TG,549.4877,114.371,115.508,156.528,100.954,45.405,296.364,130.995,119.388,28.28,136.406,79.272,134.65,180.536,100.633,110.073,65.533,94.749,158.49
DGXXX(33:01)_[M+H-H2O]1+,TG,563.5034,0,0,0.883,0,15.203,0.427,0,0,0,0.069,0.644,1.909,11.089,0,0,1.404,0,0
DGXXX(33:02)_[M+H-H2O]1+,TG,561.4877,0,0,0,0,3.063,0,0,0,0,0,0,0,1.484,0,0,0,0,0
DGXXX(33:03)_[M+H-H2O]1+,TG,559.4721,0,0,0,0,0,0,0,0,0,0,0,0,0,0,0,0,0,0
DGXXX(34:01)_[M+H-H2O]1+,TG,577.519,761.66,620.251,713.077,609.002,125.893,250.029,724.726,609.392,159.478,636.106,335.724,749.437,543.929,632.983,645.086,223.113,349.857,623.219
DGXXX(34:02)_[M+NH4]1+,TG,610.5405,0,0,1.079,0,3.446,0,0,1.538,0,0,0,0,3.611,0,0,0,0,0.811
DGXXX(34:03)_[M+H-H2O]1+,TG,573.4877,0,0,0,0,9.976,0,0,0,0,0,12.149,0,1.935,0,0,28.279,0,0
DGXXX(35:01)_[M+H-H2O]1+,TG,591.5347,0,0,0,0,2.047,0.62,0,0,0,0,0,0,0.598,0,0,0.182,0,0
DGXXX(35:02)_[M+H-H2O]1+,TG,589.519,0,0,0,0,0.821,0,0,0,0,0,0,0,0,0,0,0,0,0
DGXXX(35:03)_[M+H-H2O]1+,TG,587.5034,0,0,0,0,0,0,0,0,0,0,0,0,0,0,0,0,0,0
DGXXX(35:05)_[M+NH4]1+,TG,618.5092,0,0,0,0,11.267,0,0,0,0.482,0.872,0.358,0,0,0,0,1.756,0,0
DGXXX(36:03)_[M+H-H2O]1+,TG,601.519,0,0,0,0,66.228,5.43,0,1.576,6.838,0,63.915,0,44.977,0,0,85.478,1.408,0
DGXXX(36:04)_[M+H-H2O]1+,TG,599.5034,0,0,0,0,55.208,0,0,0,5.996,0,10.316,0,13.101,0,0,32.969,0.489,0
DGXXX(37:03)_[M+H-H2O]1+,TG,615.5347,0,0,0,0.716,0,0,0,0,0,0,0,0,0,0,0,0,0,0
DGXXX(38:01)_[M+H-H2O]1+,TG,633.5816,0,0,0,0,0.001,0,0,0,0.19,0,0,0,0,0,0,0,0,0
DGXXX(38:03)_[M+NH4]1+,TG,664.5875,0,0,0,0,8.873,0,0,0,0,0,0,0,0,0,0,0,0,0
DGXXX(38:04)_[M+H-H2O]1+,TG,627.5347,0,0,1.78,1.727,0,0.897,2.022,3.337,39.138,0.75,0.369,2.208,1.209,0.64,0.901,0.558,4.738,0
DGXXX(40:06)_[M+H-H2O]1+,TG,651.5347,0,0,0,0,0,0,0,0,50.611,0,0,0,0.095,0,0,0.639,4.813,0
DGXXX(40:10)_[M+NH4]1+,TG,678.5092,0,0,0,0,0.32,0,0,0,0,0,0,0,0,0,0,0,0,0
DGXXX(41:02)_[M+NH4]1+,TG,708.6501,0,0,0,0,2.556,0,0,0,0,0,0,0,0,0,0,0,0,0
DGXXX(41:06)_[M+NH4]1+,TG,700.5875,0,0,0,0,0,0,0,0,0,0,0,0,0,0,0.003,0,0,0
DGXXX(42:06)_[M+NH4]1+,TG,714.6031,0,0,0,0,0,0.196,0.333,0,0,0,0,0,0,0,0,0,0,0
DGXXX(42:07)_[M+NH4]1+,TG,712.5875,0,1.139,0,0,2.932,0,0,0.917,0,0,0,0,0,0,0,0,0,0
DGXXX(42:08)_[M+H-H2O]1+,TG,675.5347,0,0,0,0,0,0,0,0,0,0,0,0,0,0,0,0,0,0
DGXXX(42:10)_[M+NH4]1+,TG,706.5405,0,0,0,0,0,0,0,0,0.495,0,0,0,0,0,0,0,0,0
DGXXX(44:04)_[M+H-H2O]1+,TG,711.6286,0,0,0,0,0.196,0,0,0,0,0,0,0,0,0,0,0,0,0
DGXXX(44:06)_[M+H-H2O]1+,TG,707.5973,0,0,0,0,0,0,0,0,0,0,0,0,0,0,0,0,0,0
DGXXX(44:07)_[M+H-H2O]1+,TG,705.5816,0,0,0,0,0,0,0,0,0,0,0,0,0,0,0,0,0,0
DGXXX(44:09)_[M+H-H2O]1+,TG,701.5503,0,0,0,0,0.145,0,0,0,0,0,0,0,0,0,0,0,0,0
DGXXX(46:00),TG,782.7601,0,0,0,0,0,0,0,0,0,0,0,0,0,0,0,0,0,0
LPCXX(16:00)_[M+H]1+,LPC,496.3398,0,1.621,1.099,0,1.477,85.1,0.899,0,1.921,0.849,44.835,0,1.421,0,0,26.644,24.994,0
LPCXX(18:00)_[M+H]1+,LPC,524.3716,0,0.903,0,0,0.926,85.885,0,0,0.489,0,30.516,0,0,0,0,17.669,7.57,0
LPCXX(18:01)_[M+H]1+,LPC,522.3559,0.981,1.176,0.753,2.274,1.052,32.072,0,0,0.263,0,1.104,0,0,0,0,3.405,0,0.911
LPEXX(18:01)_[M+H]1+ / LPCXX(15:01)_[M+H]1+,LPE,480.3085,0,0,0,0,0,0,0,0,0.22,0,0,0,0,0,0,0,0,0
LPEXX(22:06)_[M+H]1+,LPE,526.2928,0,0,0,12.17,1.844,0,0,0,0.549,5.776,0.406,0,0,10.35,115.025,5.256,42.014,67.616
LPIXX(20:02)_[M+Na]1+,LPI,647.3167,0,0,0,0,0,0,0,0,0,0,0,0,0,0,0,0,0,0
LPIXX(20:04)_[M+NH4]1+,LPI,638.33,0,0,0,0,0,0,0,0,0,0,0.088,0,0,0,0,0,0.054,0
LPIXX(22:04)_[M+H]1+,LPI,649.3347,0,0,0,0,0,0,0,0,0,0,0.315,0,0,0,0,0.166,0,0
LPSXX(17:01)_[M+H]1+,LPS,510.2826,1.669,1.319,3.929,0,28.678,0.5,0,1.626,0,0,0.318,1.067,0,3.578,2.013,0.63,1.598,1.404
LPSXX(20:05)_[M+H]1+,LPS,544.267,0,0,0,0,0,0,0,0,0,0,0,0,0,0,0,0,0,0
PAXXX(33:03)_[M+Na]1+,PA,679.4309,0,1.84,1.758,7.584,9.128,0,0,1.019,78.672,19.991,51.811,0,0,4.386,19.806,59.725,105.681,52.077
PAXXX(35:00)_[M+Na]1+,PA,713.5092,0,0,0,0.658,0,0,0,0,0.644,0,1.222,0.671,0,0,0,5.991,12.323,0
PAXXX(38:05)_[M+Na]1+,PA,745.4779,0,0,0,0,11.233,0,0,0,0,0,0,0,0,0,0,0,0,0
PAXXX(40:05)_[M+Na]1+,PA,773.5092,0,0,0,0,3.446,0,0,0,0,0,0,0,0,0,0,0,0,0
PAXXX(42:04)_[M+Na]1+,PA,803.5561,0,0,0,0,0,0,0,0,0,0,0,0,0,0,0,0,0,0
PAXXX(42:05)_[M+Na]1+,PA,801.5405,0,0,0,0,0,0,0,0,0,0,0,0,0,0,0,0,0,0
PAXXX(42:08)_[M+Na]1+,PA,795.4935,0,0,0,0,0,0,0,0,0,0,0,0,0,0,0,0,0,0
PAXXX(42:09)_[M+Na]1+,PA,793.4779,0,0,0,0,0,0,0,0,0,0,0,0,0,0,0,0,0,0
PAXXX(43:04)_[M+Na]1+,PA,817.5718,0,0,0,0,0,0,0,0,0,0,0,0,0,0,0,0.142,0,0
PAXXX(43:06)_[M+Na]1+,PA,813.5405,0,0,0,0,0,0,0,0,0.005,0,0.19,0,0,0,0,0,0.146,0
PAXXX(44:12)_[M+Na]1+,PA,815.4622,0,0,0,0,0,0,0,0,0,0,0,0,0,0,0,0,0,0
PCXXX(28:00)_[M+H]1+,PC,678.5074,0,0,0,0.052,17.799,0,0,0,0,0,0,0,0,0,0,0,0,0
PCXXX(30:00)_[M+H]1+,PC,706.5387,0,0,0,0,0,0,0,0,0.495,0,0,0,0,0,0,0,0,0
PCXXX(30:05)_[M+H]1+,PC,696.4605,0,0,0,0,0,0,0,0,0,0,0,0,0,0,0,0,0,0
PCXXX(32:02)_[M+H]1+,PC,730.5387,0,0,0,0.594,0,0,0,0,0,0,0,0,0,0,1.136,0,0,0.756
PCXXX(34:01)_[M+H]1+,PC,760.5851,19.666,12.546,8.371,70.039,1.168,3.24,61.433,13.055,262.293,22.843,10.481,33.94,3.127,76.049,35.989,28.954,62.215,16.171
PCXXX(34:03)_[M+H]1+,PC,756.5543,0,0,0,0,0,0,0.578,0.483,0.18,0,0,0,0,0,0,0,0,0
PCXXX(36:01)_[M+H]1+,PC,788.6169,0,0,0,0,0,0,0,0,81.791,0.591,0.218,0,0,0,0,5.199,7.746,0
PCXXX(36:02)_[M+H]1+,PC,786.6013,0.762,0,0,0.498,0,26.417,0,1.051,22.105,0,8.161,1.326,0,0,0.521,8.297,1.545,0
PCXXX(36:03)_[M+H]1+,PC,784.5851,0,14.088,0,52.468,0.292,3.832,6.329,94.929,3.223,4.54,0.56,0,0.49,27.761,10.61,1.642,10.741,4.536
PCXXX(36:04)_[M+H]1+,PC,782.57,25.818,40.603,7.488,25.619,13.696,25.87,11.337,12.952,46.669,20.561,21.96,9.111,0.508,19.625,10.355,16.689,71.483,11.068
PCXXX(38:01)_[M+H]1+,PC,816.6482,0,0,0,0,0,0,0.579,0,0,0,0,0,0,0,0,0,0,0
PCXXX(38:03)_[M+H]1+,PC,812.6169,0,0,0,0,0.063,0.356,0,31.121,0.674,0,0,0,0,0,0,0,0,0
PCXXX(38:04)_[M+H]1+,PC,810.6013,2.569,0.987,1.955,4.814,3.16,20.286,0.807,0,33.415,3.183,8.24,2.524,0,0.941,5.072,5.701,26.151,2.791
PCXXX(38:05)_[M+H]1+,PC,808.5856,0,0,0,0,0,0,0,0,3.126,0,0,0,0,0,0,0.339,0.361,0
PCXXX(38:06)_[M+H]1+,PC,806.57,0,0,0,0,0.126,3.27,0,0,31.454,0,1.723,0,0,0,0,3.301,2.076,0
PCXXX(40:04)_[M+H]1+,PC,838.6326,0,0,0,0,0,0,0,0,0,0,0,0,0,0,0,0,0,0
PCXXX(40:07)_[M+H]1+,PC,832.5851,0,0,0,0,0,0,0,0,0.989,0,0,0,0,0,0,0.106,0,0.638
PCXXX(40:08)_[M+H]1+,PC,830.5694,0,0,0.585,0,0,0,0,0,0.382,0,0,0,0,0,0,0,0.511,0
PCXXX(40:10)_[M+H]1+,PC,826.5381,0,0,0.455,0,0,0,0,0,0,0,0,0,0,0,0,0,0,0
PCXXX(42:04)_[M+H]1+,PC,866.6633,0,0,0,0,0,0,0,0,0,0,0,0,0,0,0,0,0,0
PCXXX(44:00)_[M+H]1+,PC,902.7578,0,0,0,0,0,0,0,0,0,0,0,0,0,0,0,0,0,0
PC-OX(35:03)_[M+H]1+,PC-O,756.5902,0,0,0,0,0,0,0,0,0.426,0,0,0,0,0,0,0,0,0
PC-OX(20:01)_[M+H]1+,PC-O,550.3867,0,0,0,0,0,0,0,0,0,0,0,0,0,0,0,0,0,0
PC-OX(26:03)_[M+H]1+,PC-O,630.4498,0,0,0,0,0,1.02,0,0,0.212,0,0,0,0,0,0,0,0.504,0
PC-OX(32:00)_[M+H]1+,PC-O,720.5902,0,0,0,0,0,0,0,0,0,0.664,0,0,0,0,0,0,0,0
PC-OX(32:01)_[M+H]1+,PC-O,718.575,0,0,0,0,0,0,0,0,0,0,0,0,0,0,0,0,0,0
PC-OX(34:01)_[M+H]1+,PC-O,746.6063,0,0,0,0,0,0,0,0,0,4.9,0,0,0,0,0,0,0,0
PC-OX(34:02)_[M+H]1+,PC-O,744.5902,0,0,0,0,0,0,0,0,0,0,0,0,0,0,0,0,0,0
PC-OX(34:03)_[M+H]1+,PC-O,742.575,0,0,0,0.555,0,0,0,0,0,0,0,0,0,0,0,0,0,0
PC-OX(36:01)_[M+H]1+,PC-O,774.6376,0,0,0,0,0,0,0,0,0,0,0,0,0,0,0,0,0,0
PC-OX(36:02)_[M+H]1+,PC-O,772.6215,0,0,0,0.684,0,0,0,0,0,1.039,0,0,0,0,0,0,0,0
PC-OX(36:03)_[M+H]1+,PC-O,770.6058,0,0,0,0,0,0,0,0,0,0.419,0,0,0,0,0,0,0,0
PC-OX(36:05)_[M+H]1+,PC-O,766.5745,0,0,0,0,0,0,0,0,0,0,0,0,0.645,0,0,0,0,0
PC-OX(37:03)_[M+H]1+,PC-O,784.622,0,0,0,0,0,0,0,0,0,0.616,0,0,0,0,0,0,0,0
PC-OX(38:04)_[M+H]1+,PC-O,796.6215,0,0,0,0,0,0,0,0,0,0,0,0.61,0,0,0,0,0,0
PC-OX(39:06)_[M+H]1+,PC-O,806.6063,0.98,0,0,3.178,0.093,0,2.032,0,0,0,0,0,0.478,0.621,0,0,0,0
PC-OX(40:04)_[M+H]1+,PC-O,824.6528,0,0,0,0,0,0,0,0,0,0,0,0,0,0,0,0,0,0
PC-OX(40:08)_[M+H]1+,PC-O,816.5907,0,0,0,0,0,0,0,0,0,0,0,0,0,0,0,0,0,0
PC-OX(41:04)_[M+H]1+,PC-O,838.6689,0,0,0,0,0,0,0,0,0,0,0,0,0,0,0,0,0,0
PC-OX(42:05)_[M+H]1+,PC-O,850.6689,0,0,0,0,0,0,0.634,2.121,0,0,0,0,0,0,0,0,0,0
PC-OX(42:09)_[M+H]1+,PC-O,842.6063,0,0,0,0,0,0,0,0,0,0,0,0,0,0,0,0,0,0
PC-OX(42:10)_[M+H]1+,PC-O,840.5907,0,0,0,0.083,0,0,0.037,0,0,0,0,0,0,0,0,0,0,0
PC-OX(42:11)_[M+H]1+,PC-O,838.575,0,0,0,0,0,0,0,0,0,0,0.221,0,0,0,0,0,0,0
PC-OX(44:07)_[M+H]1+,PC-O,874.6689,0,0,0,0,0,0,0,0,0,0,0,0,0,0,0,0,0,0
PEXXX(32:06)_[M+H]1+,PE,680.4291,0,0,0,0,0.482,0,0,0,34.703,2.414,20.818,0,0,0,0.705,25.806,40.571,4.019
PEXXX(34:00)_[M+H]1+,PE,720.5543,0,0,0,0,0,0,0,0,0,0,0,0,0,0,0,0,0,0
PEXXX(34:01)_[M+H]1+,PE,718.5387,0,0,0,0,0,0,0.754,0,1.895,0,0,0,0,0,0,0,0,0
PEXXX(36:00)_[M+H]1+,PE,748.5856,0,0,0,1.161,0,0,0,0,0,0,0,0,0,0.427,0,0,0,0
PEXXX(36:02)_[M+H]1+,PE,744.5543,0,0,0,1.576,0,0.359,0,0,1.564,0,0,0,0,0,3.548,0,0,0.921
PEXXX(38:01)_[M+H]1+,PE,774.6013,0,0,0,0,0,0,0,0,0,0,0,0,0,0,0,0,0,0
PEXXX(38:02)_[M+H]1+,PE,772.5857,0,0,0,0,0,0,0,0,0,0,0,0,0,0,0,0,0,0
PEXXX(40:10)_[M+H]1+,PE,784.4912,0,0,0,0.566,0,0,0,0,0,0.661,0,0,0,0,0.357,0,0,0
PEXXX(42:03)_[M+H]1+,PE,826.632,0,0,0,0,0,0,0,0,0,0,0,0,0,0,0,0,0,0
PEXXX(42:09)_[M+H]1+,PE,814.5381,0,0,0,0,0,0,0,0,0.13,0,0,0,0,0,0,0,0,0
PE-OX(36:04)_[M+H]1+,PE-O,726.5432,0,0,0,0,0,0,0,0,0,0,0,0,0,0,0,0,0,0
PE-OX(42:06)_[M+H]1+,PE-O,806.6058,0.593,0,0,3.178,0.06,0,1.504,0,0,0,0,0,0.37,0.621,0,0,0,0
PE-OX(40:08)_[M+H]1+,PE-O,774.5432,0,0,0,0,0.397,1.128,0,6.487,1.024,0.494,0,0,0,0,0,0,0,0
PGXXX(32:00)_[M+Na]1+,PG,745.499,0,0,0,0,11.233,0,0,0,0,0,0,0,0,0,0.95,0,0.406,0
PGXXX(33:02)_[M+H]1+,PG,733.5014,0,0,0,0,0,0,0,0,0,0,0,0,0,0,0,0,0,0
PGXXX(33:03)_[M+Na]1+,PG,753.4677,0,0,0,1.106,0,0,0,0,0,1.336,0.319,0,0,0,1.999,0,0,5.023
PGXXX(34:00)_[M+NH4]1+,PG,768.5749,41.028,122.783,31.481,22.33,14.448,25.119,9.253,77.807,3.16,5.762,1.002,19.629,0.991,26.135,3.732,0.562,24.9,4.223
PGXXX(34:01)_[M+Na]1+,PG,771.5147,0,0,0,0,0,0,0,0,0,0,0.151,0,0,0,0,0,0,0
PGXXX(34:03)_[M+H]1+,PG,745.5014,0,0,0,0,11.233,0,0,0,0,0,0,0,0,0,0.95,0,0.406,0
PGXXX(35:06)_[M+H]1+,PG,753.4701,0,0,0,1.106,0,0,0,0,0,1.336,0.32,0,0,0,1.999,0,0,5.023
PGXXX(36:00)_[M+H]1+,PG,779.5797,0,0,0,0,0,0,0,0,0,0,0,0,0,0,0,0,0,0
PGXXX(36:01)_[M+Na]1+,PG,799.546,0,0,0,0,0,0,0,0,0,0,0,0,0,0,0,0,0,0
PGXXX(36:02)_[M+H]1+,PG,775.5484,0,0,0,0,0,0.279,0.805,1.258,0,0,0,0,0,0,0.563,0,0,0
PGXXX(36:03)_[M+H]1+,PG,773.5327,0,0,0,0,3.446,0,0,0,0,0,0,0,0,0,0,0,0,0
PGXXX(36:03)_[M+Na]1+,PG,795.5147,0,0,0,0,0,0,0,0,0.161,0,0,0,0,0,0,0,0,0
PGXXX(36:04)_[M+H]1+,PG,771.5171,0,0,0,0,0,0,0,0,0,0,0.031,0,0,0,0,0,0,0
PGXXX(37:01)_[M+Na]1+,PG,813.5616,0,0,0,1.293,0,0,0,0,0,0,0,0,0,0,0,0,0,0
PGXXX(37:06)_[M+H]1+,PG,781.5014,0,0,0,0,0,0,0,0,0,0,0,0,0,0,0,0,0,2.092
PGXXX(37:06)_[M+Na]1+,PG,803.4834,0,0,0,0.534,0,0,0,0,0.063,0,0,0,0,0,0,0,0,0
PGXXX(38:00)_[M+H]1+,PG,807.611,0,0,0,0,0,0,0,0,0,0,0,0.53,0,0.667,0,0,0,0
PGXXX(38:05)_[M+H]1+,PG,797.5327,0,0,0,5.77,0,0,0.75,0,0.176,0,0,1.343,0,0,0,0.827,2.668,0.768
PGXXX(38:06)_[M+H]1+,PG,795.5171,0,0,0,0,0,0,0,0,0.161,0,0,0,0,0,0,0,0,0.29
PGXXX(39:00)_[M+H]1+,PG,821.6266,0,0,0,0,0,0.276,0.593,0,0,0.71,0,0,0,0.542,0.749,0,0,1.057
PGXXX(39:00)_[M+Na]1+,PG,843.6086,0,0,0,0,0,0,0,0,0,0,0,0,0,0,0,0,0,0
PGXXX(39:01)_[M+Na]1+,PG,841.5929,0,0,0,0,0,0,0,0,0.121,0,0,0,0,0,0,0,0,0
PGXXX(39:02)_[M+H]1+,PG,817.5953,0,0,0,0,0,0,0,0,0,0,0,0,0,0,0,0,0,0
PGXXX(39:04)_[M+H]1+,PG,813.564,0,0,0,1.293,0,0,0,0,0,0,0.122,0,0,0,0,0,0,0
PGXXX(39:07)_[M+Na]1+,PG,829.499,0,0,0,0,0,0,0,0,0,0,0,0,0,0,0,0.21,0,0
PGXXX(41:01)_[M+Na]1+,PG,869.6242,0,0,0,0.061,0.122,0,0,0,0,0,0,0,0,0,0,0,0,0
PGXXX(42:05)_[M+H]1+,PG,853.5953,0,0,0,0,0,0,0,0,0,0,0,0,0,0,0,0,0,0
PGXXX(42:10)_[M+H]1+,PG,843.5171,0,0,0,0,0,0,0,0,0,0,0.17,0,0,0,0,0,0,0
PGXXX(43:04)_[M+H]1+,PG,869.6266,0,0,0,0,0.122,0,0,0,0,0,0,0,0,0,0,0,0,0
PGXXX(44:12)_[M+Na]1+,PG,889.499,0,0,0,0,0,0,0,0,0,0,0,0,0,0,0,0,0,0
PG-OX(32:01)_[M+NH4]1+,PG-O,724.5487,0,0.314,0,0,0.008,0,0,0,0,0,0,0,0,0,0,0,0,0
PG-OX(34:01)_[M+NH4]1+,PG-O,752.58,0,0.75,0,0,0,0,0,0.075,0.079,0,0,0,0,0,0,0,0,0
PG-OX(37:02)_[M+Na]1+,PG-O,797.5667,0,0,0,0,0,0,0,0,0,0,0,0,0,0,0,0,0,0
PG-OX(39:00)_[M+Na]1+,PG-O,829.6293,0,0,0,0.012,0,0,0,0,0,0,0,0,0,0,0,0,0,0.006
PG-OX(40:00)_[M+NH4]1+,PG-O,838.6895,0,0,0,0,0.167,0,0,0,0,0,0,0,0,0,0,0,0,0
PG-OX(40:06)_[M+Na]1+,PG-O,831.551,0,0,0,0,0,0,0,0,0.164,0,0,0,0,0,0,0,0,0
PG-OX(42:06)_[M+Na]1+,PG-O,859.5823,0,0,0,0,0,0,0,0,0,0,0,0,0,0,0,0,0,0
PG-OX(39:02)_[M+Na]1+,PG-O,825.598,0,0,0,0.41,0,0,0,0,0,0,0,0,0,0,0,0,0,0
PG-OX(42:03)_[M+Na]1+,PG-O,865.6293,0,0,0,0,0,0,0.607,0,0,0,0,0,0,0,0.702,0,0,0
PIXXX(26:00)_[M+NH4]1+,PI,744.4658,0,0,0,0,0,0,0,0,0,0,0,0,0,0,0,0,0,0
PIXXX(29:01)_[M+Na]1+,PI,789.4525,0,0,0,0,0,0,0,0,0,0,0,0,0,0,0,0,0,0
PIXXX(30:01)_[M+H]1+,PI,781.4862,0,0,0,0,0,0,0,0,0,0,0,0,0,0,0,0,0,0.592
PIXXX(30:02)_[M+Na]1+,PI,801.4525,0,0,0,0,0.229,0,0,0,0,0,0,0,0,0,0,0,0,0
PIXXX(30:03)_[M+NH4]1+,PI,794.4814,0,0,0,0,0,0,0,0,0,0,0,0,0,0,0,0,0,0
PIXXX(34:03)_[M+Na]1+,PI,855.4994,0,0,0,0,0,0,0,0,0,0,0,0,0,0,0,0,0,0
PIXXX(36:04)_[M+Na]1+,PI,881.5151,0,0,0,0,0,0,0,0,0,0,0,0,0,0.447,0,0,0,0
PIXXX(37:04)_[M+Na]1+,PI,895.5307,0,0,0,0,0,0,0,0,0,0,0,0,0,0,0,0,0,0
PIXXX(37:06)_[M+Na]1+,PI,891.4994,0,0,0,0,0,0,0,0,0,0,0,0,0,0,0,0,0,0
PIXXX(37:07)_[M+Na]1+,PI,889.4838,0,0,0,0,0,0,0,0,0,0,0,0,0,0,0,0,0,0
PIXXX(38:07)_[M+H]1+,PI,881.5175,0,0,0,0,0,0,0,0,0,0,0,0,0,0.447,0,0,0,0
PIXXX(39:08)_[M+Na]1+,PI,915.4994,0,0,0,0,0,0,0,0,0,0,0,0,0,0,0,0,0,0
PIXXX(39:08)_[M+NH4]1+,PI,910.544,0,0,0,0,0.151,0,0,0,0,0,0,0,0,0,0,0,0,0
PIXXX(40:07)_[M+H]1+,PI,909.5488,0,0,0,0,0,0,0,0,0,0,0,0,0,0,0,0,0,0
PIXXX(41:00)_[M+H]1+,PI,937.674,0,0,0,0,0,0,0,0.043,0,0,0,0,0,0,0,0,0,0
PIXXX(41:01)_[M+Na]1+,PI,957.6403,0,0,0,0,0,0,0,0,0,0,0,0,0,0,0,0,0,0
PIXXX(42:04)_[M+Na]1+,PI,965.609,0,0,0,0,0,0,0,0,0,0,0,0,0,0,0.449,0,0,0
PIXXX(42:06)_[M+H]1+,PI,939.5957,0,0,0.631,0,3.49,0,0,0,0,0,0,0,0,0,0,0,0,0.87
PIXXX(42:09)_[M+NH4]1+,PI,950.5753,0,0,0,0,0,0,0,0,0,0,0,0,0,0,0,0,0,0
PIXXX(43:04)_[M+H]1+,PI,957.6427,0,0,0,0,0,0,0,0,0,0,0,0,0,0,0,0,0,0
PIXXX(44:07)_[M+H]1+,PI,965.6114,0,0,0,0,0,0,0,0,0,0,0,0,0,0,0.449,0,0,0
PI-OX(31:01)_[M+Na]1+,PI-O,803.5045,0,0,0,0,0,0,0,0,0,0,0,0,0,0,0,0,0,0
PI-OX(32:01)_[M+H]1+,PI-O,795.5382,0,0,0,0,0,0,0,0,0,0,0,0,0,0,1.043,0,0,1.14
PI-OX(33:01)_[M+NH4]1+,PI-O,826.5804,0,0,0,0,0,0,0,0,0,0,0.188,0,0,0,0,0,0,0
PI-OX(34:00)_[M+NH4]1+,PI-O,842.6117,0,0,0,0,0,0,0,0,0,0,0,0,0,0,0,0,0,0
PI-OX(34:01)_[M+H]1+,PI-O,823.5695,0,0,0,0,0,0,0,0,0,0,0,0,0,0,0,0,0,0
PI-OX(34:02)_[M+NH4]1+,PI-O,838.5804,0,0,0,0,0,0,0,0,0,0,0.221,0,0,0,0,0,0,0
PI-OX(34:03)_[M+Na]1+,PI-O,841.5201,0,0,0,0,0,0,0,0,0,0,0,0,0,0,0,0,0,0
PI-OX(35:01)_[M+Na]1+,PI-O,859.5671,0,0,0,0,0,0,0,0,0,0,0,0,0,0,0,0,0,0
PI-OX(35:02)_[M+Na]1+,PI-O,857.5514,0,0,0,0,0,0,0,0,0,0,0,0,0,0,0,0,0,0
PI-OX(36:00)_[M+NH4]1+,PI-O,870.643,0,0,0,0,0,0,0,0,0,0,0,0,0,0,0,0,0,0
PI-OX(36:05)_[M+H]1+,PI-O,843.5382,0,0,0,0,0,0,0,0,0,0,0.201,0,0,0,0.435,0,0,0
PI-OX(36:05)_[M+NH4]1+,PI-O,860.5647,0,0,0,0,0,0,0,0,0,0,0,0,0,0,0,0,0.341,0
PI-OX(37:01)_[M+H]1+,PI-O,865.6164,0,0,0,0,0,0,0.607,0,0,0,0,0,0,0,0.702,0,0,0
PI-OX(38:00)_[M+NH4]1+,PI-O,898.6743,0,0,0,0,0,0,0,0,0,0,0,0,0,0,0,0.106,0,0
PI-OX(38:01)_[M+NH4]1+,PI-O,896.6586,0,0,0,0,0,0,0,0,0,0,0,0,0,0,0,0,0,0
PI-OX(38:02)_[M+H]1+,PI-O,877.6164,0,0,0,0,0,0,0,0,0,0,0,0,0,0,0,0,0,0
PI-OX(38:02)_[M+NH4]1+,PI-O,894.643,0,0,0,0,0,0,0,0,0,0,0,0,0,0,0,0,0,0
PI-OX(38:04)_[M+H]1+,PI-O,873.5851,0,0,0,0,0,0,0,0,0,0,0,0,0,0,0,0,0,0
PI-OX(40:00)_[M+NH4]1+,PI-O,926.7056,0,0,0,0,0,0,0,0,0,0,0,0,0,0,0,0,0,0
PI-OX(40:02)_[M+Na]1+,PI-O,927.6297,0,0,0,0,0.152,0,0,0,0,0,0,0,0,0,0,0,0,0
PI-OX(40:02)_[M+NH4]1+,PI-O,922.6743,0,0,0,0,0,0,0,0,0,0,0,0,0,0.368,0,0,0,0
PI-OX(40:06)_[M+Na]1+,PI-O,919.5671,0,0,0,0,0,0,0,0,0,0,0,0,0,0,0,0,0,0
PI-OX(29:01)_[M+Na]1+,PI-O,775.4732,0,0,0,0,0,0,0,0,0,0,0,0,0,0,0,0,0,0
PI-OX(33:03)_[M+NH4]1+,PI-O,822.5491,0,0,0,0,0,0,0,0,0,0,0,0,0,0,0,0,0,0.573
PI-OX(34:05)_[M+Na]1+,PI-O,837.4888,0,0,0,0,0,0,0,0,0,0,0.086,0,0,0,0,0,0,0
PI-OX(36:06)_[M+H]1+,PI-O,841.5225,0,0,0,0,0,0,0,0,0,0,0,0,0,0,0,0,0,0
PI-OX(36:06)_[M+NH4]1+,PI-O,858.5491,0,0,0,0,0,0,0,0,0,0,0,0,0,0,0,0,0,0
PI-OX(41:01)_[M+H]1+,PI-O,921.679,0,0,0,0,0,0,0,0,0,0,0,0,0,0,0,0,0,0
PI-OX(42:03)_[M+NH4]1+,PI-O,948.6899,0,0,0,0,0,0,0,0,0,0,0,0,0,0,0,0,0,0
PI-OX(42:05)_[M+H]1+,PI-O,927.6321,0,0,0,0,0.152,0,0,0,0,0,0,0,0,0,0,0,0,0
PI-OX(42:05)_[M+NH4]1+,PI-O,944.6586,0,0,0,0,0.107,0,0,0,0,0,0,0,0,0,0,0,0.381,0
PSXXX(28:00)_[M+Na]1+,PS,702.4317,0,0,0,0,0,0,0,0,0.011,0.071,0.025,0,0,0,0,0,0,0
PSXXX(33:00)_[M+Na]1+,PS,772.5099,0,0,0,0.002,0,0,0,0,0,0.046,0,0,0,0,0,0,0,0.04
PSXXX(33:03)_[M+H]1+,PS,744.481,0,0,0,0,0,0,0,0,0,0,0,0,0,0,0,0,0,0
PSXXX(34:06)_[M+Na]1+,PS,774.4317,0,0,0,0,0,0,0,0,0,0,0,0,0,0,0,0,0,0
PSXXX(35:03)_[M+H]1+,PS,772.5123,0,0,0,0,0,0,0,0,0,0,0,0,0,0,0,0,0,0.04
PSXXX(35:04)_[M+H]1+,PS,770.4967,0,0,0,0,0,0,0,0,0.196,0,0,0,0,0,0,0,0,0
PSXXX(36:02)_[M+H]1+,PS,788.5436,0,0,0,0,0.065,0,0,0,0,0,0,0,0,0,0,0,0.305,0
PSXXX(37:04)_[M+H]1+,PS,798.528,0,0,0,0,0,0,0,0,0,0,0,0,0,0,0,0,0,0
PSXXX(38:01)_[M+H]1+,PS,818.5906,0,0,0,0,0,0,0,0,0.096,0,0,0,0,0,0,0.076,0.634,0
PSXXX(38:03)_[M+Na]1+,PS,836.5412,0,0,0,0,0,0,0,0,9.992,0,0,0,0,0,0,0,0,0
PSXXX(39:08)_[M+Na]1+,PS,840.4786,0,0,0,0,0.249,0,0,0,0.146,0,0,0,0,0,0,0,0,0
PSXXX(40:03)_[M+H]1+,PS,842.5906,0.556,2.159,0,0,0,0,0,0,0,0,0.181,0,0,0,0,0,0,0
PSXXX(40:06)_[M+Na]1+,PS,858.5256,0,0,0,0,0,0,0,0,0,0,0,0,0,0,0,0,0,0
PSXXX(41:02)_[M+H]1+,PS,858.6219,0,0,0,0,0,0,0,4.796,0,0,0,0,0,0,0,0,0,0
PSXXX(41:02)_[M+Na]1+,PS,880.6038,0,0,0,0,0,0.309,0,0,0,0,0,0,0,0,0,0,0,0
PSXXX(42:09)_[M+H]1+,PS,858.528,0,0,0,0,0,0,0,0,0,0,0,0,0,0,0,0,0,0
PSXXX(42:09)_[M+Na]1+,PS,880.5099,0,0,0,0.53,0,0,0,0,0,0,0,0,0,0,0,0,0,0
PSXXX(44:08)_[M+Na]1+,PS,910.5569,0,0,0,0,0.166,0,0,0,0,0,0,0,0,0,0,0,0,0
PS-OX(38:03)_[M+H]1+,PS-O,800.58,0,0,0,0,0,0,0,0,0,0,0,0,0,0,0,0.524,0,0
PS-OX(39:01)_[M+H]1+,PS-O,818.6269,0,0,0,0,0,0,0,0,0,0,0,0,0,0,0,0,0,0
PS-OX(40:04)_[M+H]1+,PS-O,826.5956,0,0,0,0,0,0,0,0,0,0,0.182,0,0,0,0,0,0,0
PS-OX(40:04)_[M+Na]1+,PS-O,848.5776,0,0,0,0,0,0.61,0,0,0,0,0,0,0,0,0,0,0,0
PS-OX(40:06)_[M+H]1+,PS-O,822.5643,0,0,0,0,0,0,0,0,0,0,0,0,0,0,0,0,0,1.215
PS-OX(41:00)_[M+Na]1+,PS-O,870.6558,0,0,0,0,0,0,0,0,0,0,0,0,0,0,0,0,0,0
PS-OX(42:04)_[M+H]1+,PS-O,854.6269,0,0,0,0,0,0,0,0,0,0,0,0,0,0,0,0,0,0
PS-OX(36:06)_[M+Na]1+,PS-O,788.4837,0,0,0,0.569,0,0,0,0,0,0.914,0,0,0,0,0,0,0.332,1.805
SMXXX(32:01)_[M+H]1+,SM,675.5436,0,0,0,0,0,0,0,0,0,0,0,0,0,0,0,0,0,0
SMXXX(32:02)_[M+H]1+,SM,673.5279,0,1.665,0,23.641,0.115,0,15.94,1.538,0.154,2.548,0,5.981,0.677,14.671,1.869,0,0,2.781
SMXXX(34:01)_[M+H]1+ / DGXXX(44:08)_[M+H-H2O]1+,SM,703.5749,0,0,0,0,0,0.913,0,0,0.317,43.429,3.624,0,0,0,0,2.989,1.571,0
SMXXX(34:02)_[M+H]1+,SM,701.5592,0,0,0,0,0,0,0,0,0,0,0,0,0,0,0,0,0,0
SMXXX(36:01)_[M+H]1+,SM,731.6062,0,0,0,0,0,0,0,0,35.535,0,0.297,0,0,0,0,5.551,1.098,0
SMXXX(36:02)_[M+H]1+,SM,729.5905,0,0,0,0,0,0,0,0,0.186,0,0,0,0,0,0,0,0,0
SMXXX(36:04)_[M+H]1+,SM,725.5593,0,0,0,0,0,0,0,0,0,0,0,0,0,0,0,0,0,0
SMXXX(38:01)_[M+H]1+,SM,759.6375,0,0,0,0,0.11,0,0,0,0.353,0,0,0,0,0,0,0,0,0
SMXXX(38:02)_[M+H]1+,SM,757.6218,0,0,0,0,0,0,0,0,0,0,0,0,0,0,0,0,0,0
SMXXX(39:01)_[M+H]1+,SM,773.6531,0,0,0,0,0,0,0,0,0,0,0,0,0,0,0,0,0,0
SMXXX(40:01)_[M+H]1+,SM,787.6688,0,0,0,0,0,0,0,0,0,0,0,0,0,0,0,0,0,0
SMXXX(40:02)_[M+H]1+,SM,785.6531,0,0,0,5.341,0.106,0,0,0,0,0.662,0,0,0.296,0,0,0,0,0
SMXXX(40:07)_[M+H]1+,SM,775.575,0,0,0,0,0,0,0,0,0,0,0,0,0,0,0.753,0,0,0.588
SMXXX(41:01)_[M+H]1+,SM,799.6688,0,0,0,0,0.13,0.029,0,0.058,0,0,0,0,0,0,0,0,0,0
SMXXX(41:04)_[M+H]1+,SM,795.6376,0.12,0,0,0,0,0,0.102,0,0,0,0.013,0.153,0.005,0.072,0,0,0,0
SMXXX(42:01)_[M+H]1+,SM,815.7001,0,0,0,0.067,0.116,0,0.383,0,0,0.008,0,0,0,0.023,0,0.007,0,0.015
SMXXX(42:02)_[M+H]1+,SM,813.6844,0,0,0,0,0.394,0,0,0,2.678,0,0,0,0,0,0,0.111,0,0
SMXXX(43:06)_[M+H]1+,SM,819.6376,0,0,0,0,0,0,0,0,0,0,0,0,0,0,0,0,0,0
SMXXX(44:02)_[M+H]1+,SM,841.7157,0,0,0,0,0,0,0,0,0,0,0,0,0,0,0,0,0,0
SMXXX(45:00)_[M+H]1+,SM,859.7628,0,0,0,0,0.967,0,0,0,0,0,0,0,0,0,0,0,0,0
SMXXX(47:01)_[M+H]1+,SM,885.7784,0,1.005,0.741,1.245,7.912,0,0,1.072,0.169,1.927,0.245,0.773,0.672,3.205,0.775,0,0.435,0
TGXXX(36:00)_[M+Na]1+,TG,661.5378,0,0,1.674,0,11.711,0,0,0,0,0,0.251,0.901,0,0,0.879,0,0,1.339
TGXXX(38:01)_[M+NH4]1+,TG,682.598,5.25,3.698,1.832,2.98,2.69,1.713,8.428,0,0.915,2.369,0,8.231,2.61,3.62,3.288,0,2.378,0
TGXXX(38:03),TG,678.5672,0,0,0,0,0,0,0,0,0,0,0,0,0,0,0,0,0,0
TGXXX(40:01)_[M+NH4]1+,TG,710.6293,0,0,0,0,2.955,0,0,0,0,0,0,0,0,0,0,0,0.844,0
TGXXX(41:02)_[M+Na]1+,TG,727.5847,0,0,0,0,0,0,0,0,0,0,0,0,0,0,0,0,0,0
TGXXX(42:02)_[M+NH4]1+,TG,736.645,0,0,0,0,0,0,0,0,0,0,0,0,0,0,0,0,0,0
TGXXX(42:04)_[M+Na]1+,TG,737.5691,0,0,0,0,0.013,0.004,0.053,0.233,0.036,0,0.004,0.026,0,0,0,0.008,0.017,0
TGXXX(43:01)_[M+NH4]1+,TG,752.6763,0,0,0,0,0.145,0,0,0,0,0,0,0,0,0,0,0,0,0
TGXXX(43:02)_[M+Na]1+,TG,755.616,0,0,0,0,0,0,0,0,0,0,0,0,0,0,0,0,0,0
TGXXX(43:03)_[M+NH4]1+,TG,748.645,0,0,0,0,0,0,0,0,0.176,0,0,0,0,0,0,0,0.479,0
TGXXX(43:04)_[M+NH4]1+,TG,746.6293,0,0,0,0,0,0,0,0,0,0,0,0,0,0,0,0,0,0
TGXXX(43:05),TG,744.6141,0,0,0,0,0,0,0,0,0,0,0,0,0,0,0,0,0,0
TGXXX(44:01)_[M+Na]1+,TG,771.6473,0,0,0,0,0,0,0,0,0,0,0,0,0,0,0,0,0,0
TGXXX(45:03)_[M+Na]1+,TG,781.6317,0,0,0,0,0,0,0,0,0,0,0,0,0,0,0,0,0,0
TGXXX(46:02)_[M+Na]1+,TG,797.663,0,0,0,0,0,0,0,0,0,0,0,0,0,0,0,0,0,0
TGXXX(46:03)_[M+Na]1+,TG,795.6473,0,0,0,0,0,0,0,0,0,0,0,0,0,0,0,0,0,0
TGXXX(46:04)_[M+NH4]1+,TG,788.6763,6.482,23.733,4.133,3.14,3.327,1.428,5.119,0,3.339,4.865,7.891,4.555,4.219,20.163,3.963,6.532,17.92,8.258
TGXXX(46:05)_[M+NH4]1+,TG,786.6606,0,0,0,0.721,0,0,0,0,0,0,0,0,0,0,0,0,0,0
TGXXX(47:03)_[M+Na]1+,TG,809.663,0,0,0,0,0,0,0,0,1.299,0,0,0,0,0,0,0,0,0
TGXXX(48:00)_[M+Na]1+,TG,829.7256,0.917,0.936,16.051,6.599,23.63,0,1.423,2.557,1.036,23.714,4.323,3.545,5.104,12.27,2.885,0.119,2.017,5.247
TGXXX(48:01)_[M+Na]1+,TG,827.7099,0,0,0,0,1.475,0,0,0,0,0,0,0,0,0,0,0,0,0
TGXXX(48:01)_[M+NH4]1+,TG,822.7545,0,0,2.001,0,17.134,4.753,0,0,0,0.693,6.547,0,12.088,0,0,11.056,1.504,0
TGXXX(48:02)_[M+Na]1,TG,825.6943,0,0,0,0,0.407,0.277,0,0,0,0,0,0,0,0.491,0,0,0,0
TGXXX(48:02)_[M+NH4]1+,TG,820.7389,0,0,0.661,0,12.607,1.767,0,0,0,0,3.628,0,3.682,0,0,7.399,0,0
TGXXX(48:03)_[M+Na]1+,TG,823.6786,0,0,0,0,0,0,0,0,0,0,0,0,0,0,0,0,0,0
TGXXX(48:06)_[M+NH4]1+,TG,812.6763,0,0,0,0,0,0,0,0,0,0,0.171,0,0,0,0,0,0,0
TGXXX(49:02)_[M+NH4]1+,TG,834.7545,0,0,0,0,5.729,0,0,0,0,0,0.216,0,1.423,0,0,0.126,0,0
TGXXX(49:04)_[M+NH4]1+,TG,830.7232,1.096,1.306,2.648,0,10.792,0,0,0,0.118,3.364,1.171,0.609,0.763,1.963,1.453,0,0,1.981
TGXXX(50:00)_[M+Na]1+,TG,857.7569,2.794,0.933,22.255,8.529,24.703,0.439,2.748,2.649,3.201,19.342,7.673,8.495,9.812,20.648,5.394,0.531,3.643,3.958
TGXXX(50:01)_[M+Na]1+,TG,855.7412,0,0,0,0,4.727,0,0,0,0,0,0.22,0,0,0,0,0.423,0,0
TGXXX(50:01)_[M+NH4]1+,TG,850.7858,0.669,2.322,2.728,2.063,25.526,15.351,0,1.259,1.933,1.759,30.893,2.18,19.969,0.638,0,29.656,4.22,1.209
TGXXX(50:02)_[M+Na]1+,TG,853.7256,0,0,0,0,5.433,0,0,0,0,0,0,0,0,0,0,0.257,0,0
TGXXX(50:02)_[M+NH4]1+,TG,848.7702,0,0,1.847,0,23.626,22.076,0,0,1.926,0,37.041,0,19.108,0,0,43.732,2.196,0
TGXXX(50:03)_[M+H]1+,TG,846.755,0,0,0,0,6.473,1.77,0,0,0.284,0.604,9.108,0,5.449,0.65,0,21.215,0,0
TGXXX(50:03)_[M+Na]1+,TG,851.7099,0,0,0,0,0.209,0,0,0,0,0,0,0,0,0,0,0,0,0
TGXXX(50:03)_[M+NH4]1+,TG,846.7545,0,0,0,0,6.473,1.77,0,0,0.284,0.604,9.108,0,5.449,0.65,0,21.215,0,0
TGXXX(50:04)_[M+NH4]1+,TG,844.7389,0,0,0,0,0.119,0,0,0,0,0,0,0,0.228,0,0,1.906,0,0
TGXXX(50:05)_[M+Na]1+,TG,847.6786,0,0,0,0,0,0,0,0,0,0,0,0,0,0,0,0,0,0
TGXXX(50:06)_[M+Na]1+,TG,845.663,0,0,0,0,0,0,0,0,0,0,0,0,0,0,0,0,0,0
TGXXX(50:07)_[M+NH4]1+,TG,838.6919,0,0,0,0,0.167,0,0,0,0,0,0,0,0,0,0,0,0,0
TGXXX(51:04)_[M+NH4]1+,TG,858.7545,0.917,0,1.55,2.21,12.761,0,0,0,1.027,3.59,1.788,1.206,0.499,1.824,0,0.137,0,0
TGXXX(51:05)_[M+NH4]1+,TG,856.7389,0,0,0,0,0.738,0,0,0,0,0,0,0,0,0,0,0,0,0
TGXXX(51:06)_[M+NH4]1+,TG,854.7232,0,0,0,0,1.886,0,0,0,0,0,0,0,0,0,0,0,0,0
TGXXX(51:07)_[M+NH4]1+,TG,852.7076,0,0,0,0,0,0,0,0,0,0,0,0,0,0,0,0,0,0
TGXXX(52:00)_[M+Na]1+,TG,885.7882,0,1.005,0.741,1.245,7.912,0,0,1.072,0.169,1.927,0.245,0.773,0.672,3.205,0.775,0,0.435,0
TGXXX(52:02)_[M+Na]1+,TG,881.7569,0,0,0,0,8.355,0,0,0,0,0,0.322,0,0,0,0,0.615,0,0
TGXXX(52:02)_[M+NH4]1+,TG,876.8015,0,1.2,0,0,40.953,36.144,0,0,3.088,0,54.787,0,13.595,0,0,49.001,3.554,0
TGXXX(52:03)_[M+Na]1+,TG,879.7412,0,0,0,0,8.217,0,0,0,0,0,0.304,0,0,0,0,0.108,0,0
TGXXX(52:03)_[M+NH4]1+,TG,874.7858,0,0,1.394,0,33.357,21.034,0,0,4.305,0,53.097,0,34.251,0,0,66.758,0.407,0
TGXXX(52:04)_[M+NH4]1+,TG,872.7702,0,0,0,0,28.994,1.738,0,0,0.995,0,16.273,0,12.726,0,0,32.555,0,0
TGXXX(52:05)_[M+Na]1+,TG,875.7099,0,0,0,0,0.251,0,0,0,0,0,0,0,0,0,0,0,0,0
TGXXX(52:06)_[M+Na]1+,TG,873.6943,0,0,0,0,0,0,0,0,0,0,0,0,0,0,0,0,0,0
TGXXX(52:07)_[M+Na]1+,TG,871.6762,0,0,0,0,0,0,0,0,0,0,0,0,0,0,0,0,0,0
TGXXX(52:08)_[M+Na]1+,TG,869.663,0,0,0,0,0,0,0,0,0,0,0,0,0,0,0,0,0,0
TGXXX(52:10)_[M+Na]1+,TG,865.6317,0,0,0,0,0,0,0.587,0,0,0,0,0,0,0,0.702,0,0,0
TGXXX(53:03)_[M+NH4]1+,TG,888.8015,0,0,0,0,0.126,0,0,0,0,0,0,0,0,0,0,0.168,0,0
TGXXX(53:04)_[M+NH4]1+,TG,886.7858,0,0,0,0,2.718,0,0,0,0,0.708,0.18,0,0.398,0.985,0,0,0,0
TGXXX(53:06)_[M+NH4]1+,TG,882.7545,0,0,0,0,3.577,0,0,0,0,0,0,0,0,0,0,0,0,0
TGXXX(53:07)_[M+NH4]1+,TG,880.7389,0,0,0,0,4.343,0,0,0,0,0,0,0,0,0,0,0.11,0,0
TGXXX(53:08)_[M+Na]1+,TG,883.6786,0,0,0,0,0,0,0,0,0,0,0,0,0,0,0,0,0,0
TGXXX(53:10)_[M+NH4]1+,TG,874.6919,0,0,0,0.591,0,0,0,0,0,0,0,0,0,0,0,0,0,0
TGXXX(54:01)_[M+NH4]1+,TG,906.8484,0.987,0,0,0,12.155,0.572,5.931,0,0,0,0,0.701,0.519,2.585,0,0,0,0
TGXXX(54:02)_[M+Na]1+,TG,909.7882,0,0,0,0,0,0,0,0,0,0,0,0,0,0,0,0,0,0
TGXXX(54:02)_[M+NH4]1+,TG,904.8328,0,0,0,0,14.98,0,0,0,0.157,0,1.156,0,0,0,0,1.059,0,0
TGXXX(54:03)_[M+NH4]1+,TG,902.8171,0,0,0,0,34.424,13.3,0,0,0.174,0,34.4,0,3.238,0,0,27.974,0,0
TGXXX(54:06)_[M+Na]1+,TG,901.7256,0,0,0,0,2.939,0.152,0,0,0,0,0,0,0,0,0,0,0,0
TGXXX(54:07)_[M+Na]1+,TG,899.7099,0,0,0,0,0.066,0,0,0,0,0,0,0,0,0,0,0,0,0
TGXXX(54:11)_[M+Na]1+,TG,891.6473,0,0,0,0,0,0,0,0,0,0,0,0,0,0,0,0,0,0
TGXXX(55:01)_[M+NH4]1+,TG,920.8641,0,0,0,0,0.825,0,0,0,0,0,0,0,0,0,0,0,0,0
TGXXX(56:05)_[M+NH4]1+,TG,926.8171,0,0,0,0,0,0.196,0,0,0,0,0,0.51,0,0,0,0,0,0
TGXXX(56:06)_[M+NH4]1+,TG,924.8015,0,0,0,0,0,0,0,0,0,0,0,0,0,0,0,0.215,0,0
TGXXX(56:07)_[M+NH4]1+,TG,922.7858,0,0,0,0,2.783,0,0,0,0,0,0,0,0,0,0,0,0,0
TGXXX(56:08)_[M+Na]1+,TG,925.7256,0,0,0,0,0,0,0,0,0,0,0,0,0,0,0,0,0,0
TGXXX(56:09)_[M+Na]1+,TG,923.7099,0,0,0,0,0,0,0,0,0,0,0,0,0,0,0,0,0,0
TGXXX(56:10)_[M+Na]1+,TG,921.6943,0,0,0,0,0,0,0,0,0,0,0,0,0,0,0,0,0,0
TGXXX(57:00)_[M+Na]1+,TG,955.8664,0,0,0,0,0,0,0,0,0,0,0,0,0,0,0,0,0,0
TGXXX(57:12)_[M+NH4]1+,TG,926.7232,0,0,0,0,0,0,0,0,0,0,0,0,0,0,0,0,0,0
TGXXX(58:02)_[M+Na]1+,TG,965.8508,0,0,0,0,0,0,0,0,0,0,0,0,0,0,0,0,0,0
TGXXX(58:02)_[M+NH4]1+,TG,960.8954,0,0,0,0,3.345,0,0,0,0,0,0,0,0,0,0,0,0,0
TGXXX(58:04)_[M+Na]1+,TG,961.8195,0,0,0,0,0.121,0,0,0,0,0,0,0,0,0,0,0,0,0
TGXXX(58:07)_[M+Na]1+,TG,955.7725,0,0,0,0,0,0,0,0,0,0,0,0,0,0,0,0,0,0
TGXXX(58:09)_[M+NH4]1+,TG,946.7858,0,0,0,0,0,0,0,0,0,0,0,0,0,0,0,0,0,0
TGXXX(58:12)_[M+Na]1+,TG,945.6943,0,0,0,0,0,0,0,0,0,0,0,0,0,0,0,0,0,0
TGXXX(59:03)_[M+Na]1+,TG,977.8508,1.504,0.584,3.05,0.42,8.17,0.234,1.577,1.398,0,0.819,0,0,0,0,0,0,0,0
TGXXX(59:08)_[M+NH4]1+,TG,962.8171,0,0,0,0,0.125,0,0,0,0,0,0,0,0,0,0,0,0,0
TGXXX(60:00)_[M+Na]1+,TG,997.9134,0,0,0,0,0,0,0,0,0,0,0,0,0,0,0,0,0,0
TGXXX(60:05)_[M+Na]1+,TG,987.8351,0,0,0,0,0,0,0,0,0,0,0,0,0,0,0,0,0,0
TGXXX(60:06)_[M+Na]1+,TG,985.8195,0,0,0,0,0,0,0,0,0,0,0,0,0,0,0,0,0,0
TGXXX(60:11)_[M+NH4]1+,TG,970.7858,0,0,0,0,0,0,0,0,0,0,0,0,0,0,0,0,0,0
TGXXX(60:12)_[M+Na]1+,TG,973.7256,0,0,0,0,0,0,0,0,0,0,0,0,0,0,0,0,0,0
TGXXX(60:13)_[M+Na]1+,TG,971.7099,0,0,0,0,0,0,0,0,0,0,0,0,0,0,0,0,0,0
TGXXX(62:00)_[M+NH4]1+,TG,1020.9893,0,0,0,0,0,0,0,0,0,0,0,0,0,0,0,0,0,0
TGXXX(62:06)_[M+Na]1+,TG,1013.8508,0,0,0,0,0,0,0,0,0,0,0,0,0,0,0,0,0,0
TGXXX(62:08)_[M+Na]1+,TG,1009.8195,0,0,0,0,0.066,0,0,0,0,0,0,0,0,0,0,0,0,0
TGXXX(63:02)_[M+Na]1+,TG,1035.929,0,0,0,0,0,0,0,0,0,0,0,0,0,0,0,0,0,0
TGXXX(63:03)_[M+Na]1+,TG,1033.9134,0,0,0,0,0,0,0,0,0,0,0,0,0,0,0,0,0,0
TGXXX(63:12)_[M+NH4]1+,TG,1010.8171,0,0,0,0,0,0,0,0,0,0,0,0,0,0,0,0,0,0
TGXXX(64:13)_[M+NH4]1+,TG,1022.8171,0,0,0,0,0.104,0,0,0,0,0,0,0,0,0,0,0,0,0
TGXXX(65:01)_[M+NH4]1+,TG,1061.0206,0,0,0,0,0.1,0,0,0,0,0,0,0,0,0,0,0,0,0
TGXXX(65:06)_[M+NH4]1+,TG,1050.9423,0,0,0,0,0,0,0,0,0,0,0,0,0,0,0,0,0,0
TGXXX(65:07)_[M+Na]1+,TG,1053.8821,0,0,0,0,0.181,0,0,0,0,0,0,0,0,0,0,0,0,0
TGXXX(65:08)_[M+NH4]1+,TG,1046.911,0,0,0,0,0,0,0,0,0,0,0,0,0,0,0,0,0,0
TGXXX(65:09)_[M+NH4]1+,TG,1044.8954,0,0,0,0,0.076,0,0,0,0,0,0,0,0,0,0,0,0,0
TGXXX(66:08)_[M+Na]1+,TG,1065.8821,0,0,0,0,0,0,0,0,0,0,0,0,0,0,0,0,0,0.652
TGXXX(66:14)_[M+NH4]1+,TG,1048.8328,0,0,0,0,0,0,0,0,0,0,0,0,0,0,0,0,0,0
TGXXX(67:04),TG,1083.0054,0,0,0,0,0.13,0,0,0,0,0,0,0,0,0,0,0,0,0
TGXXX(68:12),TG,1080.8958,0,0,0,0,0,0,0,0,0,0,0,0,0,0,0,0,0,0
TGoxX(36:02),TGox,668.5459,0,0,0,0,0,0,0,0,0,0,0,0,0,0,0,0,0,0
TGoxX(39:00),TGox,714.6241,0,0,0,0,0,0,0,0,0,0,0,0,0,0,0,0,0,0
TGoxX(40:00),TGox,728.6398,0,0,0,0,0,0,0,0,0,0,0,0,0,0,0,0,0,0
TGoxX(41:03),TGox,736.6085,0,0,0,0,0,0,0,0,0,0,0,0,0,0,0,0,0,0
TGoxX(45:04),TGox,790.6554,0,0,0,0,0,0,0,0,0,0,0,0,0,0,0,0,0,0
TGoxX(54:00),TGox,924.8589,0,0,0,0,0,0,0,0,0.162,0,0,0,0,0,0,0,0,0
TGoxX(54:01),TGox,922.8433,0,0,0,0,0,0,0,0,0,0,0,0,0,0,0,0,0,0
TGoxX(56:02),TGox,948.8589,0,0,0,0,0.108,0,0,0,0,0,0,0,0,0,0,0,0,0
TGoxX(56:08),TGox,936.765,0,0,0,0,0,0,0,0,0,0,0,0,0,0.498,0,0,0,0
TGoxX(57:03),TGox,960.8589,0,0,0,0,0,0,0,0,0,0,0,0,0,0,0,0,0,0
TGoxX(57:11)_[M+H]1+,TGox,944.7337,0,0,0,0,0,0,0,0,0,0,0,0,0,0,0,0,0,0
TGoxX(58:01),TGox,978.9059,0,0,0,0,0.102,0,0,0,0,0,0,0,0,0,0,0,0,0
TGoxX(58:10),TGox,960.765,0.672,0,0,0,0.361,0,0,0,0,0,0,0,0,0.41,0,0,0,0
TGoxX(59:08),TGox,978.812,0,0,0,0,2.497,0,0,0,0,0,0,0,0,0,0.674,0,0,0
TGoxX(59:10),TGox,974.7806,1.319,0,0,0,0,0,0,0,0,0,0,0,0,0,0,0,0,0
TGoxX(59:12),TGox,970.7493,0,0,0,0,0,0,0,0,0,0,0,0,0,0,0,0,0,0
TGoxX(60:03),TGox,1002.9059,0,0,0,0,0,0,0,0,0,0,0,0,0,0,0,0,0,0
TGoxX(63:01),TGox,1048.9841,0,0,0,0,0,0,0,0,0,0,0,0,0,0,0,0,0,0
TGoxX(63:06),TGox,1038.9059,0,0,0.427,0,0,0,0,0,0,0,0,0,0,0,0,0,0,0
TGoxX(64:02),TGox,1060.9841,0,0,0,0,0,0,0,0,0,0,0,0,0,0,0,0,0,0
TGoxX(65:03),TGox,1072.9841,0,0,0,0,0,0,0,0,0,0,0,0,0,0,0,0,0.184,0
TGoxX(65:11),TGox,1056.8589,0,0,0,0,0,0,0,0,0,0,0,0,0,0.608,0,0,0,0
TGoxX(66:04),TGox,1084.9841,0,0,0,0,0,0,0,0,0,0,0,0,0,0,0,0,0.377,0
TGoxX(66:11),TGox,1070.8746,0,0,0,0,0,0,0,0,0,0,0,0,0,0,0,0,0,0
