,,Total signal,1000,1000,1000,1000,1000,1000,1000,1000,1000,1000,1000,1000,1000,1000,1000,1000,1000
,,0s,45%,59%,46%,61%,58%,58%,55%,54%,33%,41%,57%,52%,53%,35%,58%,54%,50%
,,Data ID,051_P1_B02_brain_18C41_PWD_lean_0.mzXML,147_P1_D02_brain_18C37_PWD_lean_0.mzXML,155_P1_D06_brain_18C36_PWD_lean_0.mzXML,163_P1_D10_brain_18C40_PWD_lean_0.mzXML,197_P1_E03_brain_NPC3_PWD_lean_0.mzXML,245_P1_F03_brain_18C42_PWD_lean_0.mzXML,337_P1_H01_brain_NPC2_PWD_lean_0.mzXML,353_P1_H09_brain_NPC1_PWD_lean_0.mzXML,013_P1_A07_brain_NPF2_PWD_obese_0.mzXML,055_P1_B04_brain_18F52_PWD_obese_0.mzXML,101_P1_C03_brain_18F54_PWD_obese_0.mzXML,195_P1_E02_brain_NPF4_PWD_obese_0.mzXML,213_P1_E11_brain_18F55_PWD_obese_0.mzXML,243_P1_F02_brain_NPF1_PWD_obese_0.mzXML,247_P1_F04_brain_18F50_PWD_obese_0.mzXML,251_P1_F06_brain_18F57_PWD_obese_0.mzXML,349_P1_H07_brain_NPF5_PWD_obese_0.mzXML
,,Sample ID,18C41,18C37,18C36,18C40,NPC3,18C42,NPC2,NPC1,NPF2,18F52,18F54,NPF4,18F55,NPF1,18F50,18F57,NPF5
,,Phenotype,lean,lean,lean,lean,lean,lean,lean,lean,obese,obese,obese,obese,obese,obese,obese,obese,obese
,,Group,PWD,PWD,PWD,PWD,PWD,PWD,PWD,PWD,PWD,PWD,PWD,PWD,PWD,PWD,PWD,PWD,PWD
,,Compartment,Bra,Bra,Bra,Bra,Bra,Bra,Bra,Bra,Bra,Bra,Bra,Bra,Bra,Bra,Bra,Bra,Bra
,,Handling,Whole,Whole,Whole,Whole,Whole,Whole,Whole,Whole,Whole,Whole,Whole,Whole,Whole,Whole,Whole,Whole,Whole
,,96wPL No.,P1,P1,P1,P1,P1,P1,P1,P1,P1,P1,P1,P1,P1,P1,P1,P1,P1
,,Address,B02,D02,D06,D10,E03,F03,H01,H09,A07,B04,C03,E02,E11,F02,F04,F06,H07
Lipid variable,Category,m/z,18C41,18C37,18C36,18C40,NPC3,18C42,NPC2,NPC1,NPF2,18F52,18F54,NPF4,18F55,NPF1,18F50,18F57,NPF5
CEXXX(16:03)_[M+Na]1+,SE,641.5268,0,0,0,0,0,0,0,0,0,0.009,0,0,0,0.001,0,0,0
CEXXX(18:00)_[M+Na]1+,SE,675.6051,0,0,0,0,0,0,0,0,0,0,0,0,0,2.442,0,0,0.046
CEXXX(18:02)_[M+Na]1+,SE,671.5738,0,0,0,0,0,0,0,0.022,0,0,0,0,0.028,0.033,0,0,0
CEXXX(20:04)_[M+NH4]1+,SE,690.6184,0,0,0,0,0,0,0,0,0,0,0,0.014,0,0,0,0,0
CEXXX(22:06)_[M+Na]1+,SE,719.5738,0.018,0.059,0,0.049,0.087,0.025,0.071,0.193,0.237,0.308,0.09,0.111,0.077,0,0.041,0.196,0.109
CEXXX(22:06)_[M+NH4]1+,SE,714.6184,0,0,0,0,0,0,0.023,0,0.005,0,0,0,0,0.028,0,0.015,0
CerXX(36:02)_[M+H-H2O]1+,Cer,546.5245,0.363,0.189,0.183,0.084,0.101,0.319,0.142,0.149,0.196,0.324,0.168,0.082,0.182,0,0.193,0.051,0
CerXX(39:01)_[M+H-H2O]1+,Cer,590.5871,0.036,0.034,0,0,0.025,0,0.033,0,0.045,0.086,0,0,0.044,0.043,0.024,0,0
CerXX(40:02)_[M+H]1+,Cer,620.5976,6.002,9.351,4.195,6.4,8.039,10.168,9.266,7.981,5.59,6.89,6.436,5.681,9.264,5.102,10.156,4.878,6.825
CerXX(41:02)_[M+H]1+,Cer,634.6133,2.341,3.305,1.67,2.583,3.19,3.969,3.782,3.497,2.092,2.901,2.89,2.296,3.937,1.866,3.935,1.777,2.453
CerXX(42:01)_[M+H-H2O]1+,Cer,632.634,2.209,2.847,1.71,1.697,2.437,3.575,3.037,2.138,2.077,2.234,2.075,1.704,2.766,1.19,3.568,1.744,2.392
CerXX(42:02)_[M+H-H2O]1+,Cer,630.6184,9.807,11.314,8.479,8.032,11.381,14.554,13.845,10.614,9.261,10.777,10.041,8.902,12.414,7.718,15.139,8.584,10.556
CerXX(43:03)_[M+H]1+,Cer,660.629,0.021,0,0,0,0,0,0,0,0.008,0,0,0,0,0,0,0,0
DGXXX(24:01)_[M+H-H2O]1+,TG,437.363,0.124,0.02,0.267,0.072,0.074,0.369,0.021,0.014,0.07,0.133,0,0.016,0,0.019,0.138,0.191,0.075
DGXXX(30:01)_[M+H-H2O]1+,TG,521.4564,0.808,0.03,0.955,0,0,0.524,0,0.035,0.173,0,0.19,0,0,1.538,0.087,0.045,0.052
DGXXX(30:02)_[M+H-H2O]1+,TG,519.4408,0.019,0,0.052,0,0,0,0,0.017,0,0,0,0,0,0.035,0,0,0
DGXXX(32:01)_[M+H-H2O]1+,TG,549.4877,6.7,3.465,9.625,1.754,20.527,4.521,4.224,3.554,2.183,2.149,3.217,2.452,2.307,5.23,3.789,2.553,3.25
DGXXX(33:01)_[M+H-H2O]1+,TG,563.5034,0.368,0.021,0.242,0,0,0.109,0,0,0.017,0.008,0,0.01,0,3.388,0.027,0,0
DGXXX(33:02)_[M+H-H2O]1+,TG,561.4877,0,0,0.104,0,0,0,0.022,0,0.025,0.02,0,0,0,0.027,0,0,0
DGXXX(33:03)_[M+H-H2O]1+,TG,559.4721,0,0,0,0,0.02,0,0,0,0,0,0,0,0,0,0,0,0
DGXXX(34:01)_[M+H-H2O]1+,TG,577.519,31.257,25.511,43.605,17.835,19.366,27.279,27.648,24.807,14.999,15.909,17.693,18.573,20.744,21.852,27.828,18.215,24.381
DGXXX(34:02)_[M+NH4]1+,TG,610.5405,0.272,0.001,0.052,0.049,0.119,0.02,0.733,0.601,0.864,0.827,0.507,0.573,0.121,0.118,0.571,0.4,0.11
DGXXX(34:03)_[M+H-H2O]1+,TG,573.4877,2.409,0,9.653,0,0.016,0.054,0,0.085,0.374,0.157,0.32,0.016,0,0.028,0.05,0,0.062
DGXXX(35:01)_[M+H-H2O]1+,TG,591.5347,0.148,0.022,0.113,0,0,0,0,0.042,0.054,0.013,0,0.007,0.034,0.067,0.03,0,0
DGXXX(35:02)_[M+H-H2O]1+,TG,589.519,0,0,0.422,0,0,0,0,0.001,0.007,0,0,0,0,0.05,0,0,0
DGXXX(35:03)_[M+H-H2O]1+,TG,587.5034,0,0,0.033,0,0.017,0,0,0,0,0,0,0,0,0,0,0,0
DGXXX(35:05)_[M+NH4]1+,TG,618.5092,0.019,0,0,0,0.008,0.251,0,0,0.016,0.009,0.011,0,0,2.107,0.567,0.018,0.065
DGXXX(36:03)_[M+H-H2O]1+,TG,601.519,9.06,0.105,30.79,0.07,0.048,1.762,0.966,1.962,2.259,1.672,2.148,0.342,0.25,1.533,1.44,0.259,0.8
DGXXX(36:04)_[M+H-H2O]1+,TG,599.5034,7.333,3.782,17.315,3.676,4.377,5.312,4.913,4.447,3.649,3.72,3.557,3.662,4.092,3.739,5.264,3.789,5.133
DGXXX(37:03)_[M+H-H2O]1+,TG,615.5347,0,0,0,0,0,0,0,0,0,0,0,0,0,0,0,0,0
DGXXX(38:01)_[M+H-H2O]1+,TG,633.5816,1.125,0.874,1.09,0.735,1.094,1.394,1.845,1.361,1.058,1.149,0.607,0.851,1.369,0.401,1.401,0.694,1.137
DGXXX(38:03)_[M+NH4]1+,TG,664.5875,0,0,0,0,0,0,0.041,0,0,0,0,0,0,0.018,0,0,0
DGXXX(38:04)_[M+H-H2O]1+,TG,627.5347,26.486,23.33,23.749,23.15,25.827,29.638,32.67,25.166,20.909,21.863,18.082,21.988,26.276,18.576,31.57,22.203,29.674
DGXXX(40:06)_[M+H-H2O]1+,TG,651.5347,32.817,31.499,30.222,30.789,34.487,35.347,47.613,34.854,31.529,30.691,24.683,29.7,35.062,27.205,42.241,29.964,43.291
DGXXX(40:10)_[M+NH4]1+,TG,678.5092,0,0,0,0,0,0,0,0,0,0,0,0,0,0,0,0.016,0.024
DGXXX(41:02)_[M+NH4]1+,TG,708.6501,0,0,0,0,0,0,0,0,0,0,0,0,0,0,0,0,0
DGXXX(41:06)_[M+NH4]1+,TG,700.5875,0,0,0,0,0,0,0,0,0,0,0,0,0,0,0,0,0
DGXXX(42:06)_[M+NH4]1+,TG,714.6031,0,0,0,0.013,0,0,0.004,0,0.007,0,0,0,0,0,0,0,0
DGXXX(42:07)_[M+NH4]1+,TG,712.5875,0.015,0,0,0.017,0,0,0,0.01,0,0.013,0,0,0,0.727,0,0,0
DGXXX(42:08)_[M+H-H2O]1+,TG,675.5347,0,0.032,0,0,0,0,0,0,0,0.003,0,0,0,0.014,0,0,0
DGXXX(42:10)_[M+NH4]1+,TG,706.5405,2.788,4.018,2.183,4.361,3.602,3.27,3.637,4.095,4.739,4.648,5.212,4.984,4.16,3.149,4.272,4.676,5.086
DGXXX(44:04)_[M+H-H2O]1+,TG,711.6286,0,0,0,0,0,0,0,0.011,0,0,0,0,0,0,0,0.017,0
DGXXX(44:06)_[M+H-H2O]1+,TG,707.5973,0,0,0,0,0,0,0.051,0,0,0,0,0,0,0,0,0,0
DGXXX(44:07)_[M+H-H2O]1+,TG,705.5816,0,0.131,0,0,0.063,0.018,0.019,0.04,0.023,0.162,0.151,0.05,0,0.049,0.021,0,0
DGXXX(44:09)_[M+H-H2O]1+,TG,701.5503,0,0,0,0,0,0,0,0,0.007,0.019,0,0,0.027,0.028,0,0,0
DGXXX(46:00),TG,782.7601,0,0,0,0,0,0,0,0,0,0,0,0,0,0,0,0,0
LPCXX(16:00)_[M+H]1+,LPC,496.3398,5.021,3.78,3.047,3.7,4.536,4.698,2.629,3.068,2.394,2.548,4.586,2.783,3.282,2.274,3.13,3.166,3.548
LPCXX(18:00)_[M+H]1+,LPC,524.3716,2.117,0.798,1.433,1.157,1.605,2.326,1.247,1.457,1.334,1.417,2.464,1.169,1.296,0.304,1.147,1.092,1.2
LPCXX(18:01)_[M+H]1+,LPC,522.3559,2.077,1.281,1.644,1.537,2.132,1.342,0.471,0.939,1.234,1.21,2.826,1.673,1.546,0.418,1.047,1.649,1.539
LPEXX(18:01)_[M+H]1+ / LPCXX(15:01)_[M+H]1+,LPE,480.3085,6.325,0.033,3.938,0.104,0.034,2.442,0.052,0.32,0.076,0.106,0.099,0.144,0.148,0.057,1.378,0.066,0.158
LPEXX(22:06)_[M+H]1+,LPE,526.2928,7.892,0.097,5.172,0.18,0.162,2.984,0.034,0.019,0.158,0.214,0.11,0.213,1.559,3.52,1.799,0.464,0.52
LPIXX(20:02)_[M+Na]1+,LPI,647.3167,0.016,0,0,0,0,0,0,0,0.007,0,0,0,0,0,0,0,0
LPIXX(20:04)_[M+NH4]1+,LPI,638.33,8.505,0,0,0,0,0,0,0,0,0,0,0,0,0,0,0,0
LPIXX(22:04)_[M+H]1+,LPI,649.3347,0,2.155,0.121,2.554,3.182,0.081,0.045,1.495,0.009,0.11,0.733,2.695,3.153,2.155,0.028,1.488,1.737
LPSXX(17:01)_[M+H]1+,LPS,510.2826,0,0,0.01,0,0,0,0.022,0,0,0,0,0.014,0,0.476,0.021,0.068,0.028
LPSXX(20:05)_[M+H]1+,LPS,544.267,0,0,0,0,0,0,0,0,0.007,0,0,0,0,0,0,0.036,0
PAXXX(33:03)_[M+Na]1+,PA,679.4309,25.365,16.801,37.882,15.542,18.561,81.471,18.572,24.811,4.433,5.451,10.169,11.585,17.029,14.789,75.993,9.685,13.957
PAXXX(35:00)_[M+Na]1+,PA,713.5092,0.15,0,0.012,0,0,0,0,0,0.006,0,0,0,0,0,0,0,0
PAXXX(38:05)_[M+Na]1+,PA,745.4779,0,0,0,0,0.021,0,0,0,0.013,0.013,0,0,0,0.002,0,0,0
PAXXX(40:05)_[M+Na]1+,PA,773.5092,0.031,0,0,0,0,0,0.023,0,0.012,0.012,0,0.345,0.023,1.477,0,0.047,0.436
PAXXX(42:04)_[M+Na]1+,PA,803.5561,0.011,0,0,0,0,0,0.014,0,0,0,0,0.006,0,0.264,0,0,0
PAXXX(42:05)_[M+Na]1+,PA,801.5405,0,0,0,0,0,0,0.017,0,0.011,0,0,0.028,0,0.16,0,0.01,0.013
PAXXX(42:08)_[M+Na]1+,PA,795.4935,0.033,0,0,0,0.02,0,0.016,0,0,0,0,0,0,0,0,0,0
PAXXX(42:09)_[M+Na]1+,PA,793.4779,0,0,0,0,0,0,0,0,0,0.011,0,0,0,0,0,0,0
PAXXX(43:04)_[M+Na]1+,PA,817.5718,0.013,0,0.009,0,0,0,0,0,0.008,0,0,0,0,0,0,0,0
PAXXX(43:06)_[M+Na]1+,PA,813.5405,0.174,0.054,0.069,0.101,0.155,0,0.176,0.138,0.136,0.25,0.041,0.15,0.239,0.602,0,0.108,0.106
PAXXX(44:12)_[M+Na]1+,PA,815.4622,0,0,0,0,0,0,0,0,0,0,0,0,0,0,0,0,0
PCXXX(28:00)_[M+H]1+,PC,678.5074,0,0,0,0,0,0,0,0,0,0,0,0,0,0,0,0.016,0.034
PCXXX(30:00)_[M+H]1+,PC,706.5387,2.788,4.018,2.183,4.361,3.602,3.27,3.637,4.095,4.739,4.648,5.212,4.984,4.16,3.149,4.272,4.676,5.086
PCXXX(30:05)_[M+H]1+,PC,696.4605,0,0,0,0,0,0,0,0,0,0,0,0,0,0.03,0,0,0
PCXXX(32:02)_[M+H]1+,PC,730.5387,0,0.01,0,0.011,0.02,0.01,0.001,0.035,0.043,0.029,0.018,0.021,0.371,0.021,0.001,2.711,0.038
PCXXX(34:01)_[M+H]1+,PC,760.5851,340.822,386.114,299.004,394.996,370.519,327.142,334.064,358.095,351.321,391.351,395.245,399.216,364.26,295.793,317.436,389.058,331.937
PCXXX(34:03)_[M+H]1+,PC,756.5543,3.47,1.639,1.776,1.426,1.322,2.537,0.737,1.932,1.556,1.569,0.941,1.621,1.677,20.88,1.853,2.486,5.659
PCXXX(36:01)_[M+H]1+,PC,788.6169,94.409,105.162,85.139,108.069,108.575,97.119,118.905,111.5,128.559,120.652,121.638,109.633,108.417,85.755,98.196,117.738,106.884
PCXXX(36:02)_[M+H]1+,PC,786.6013,23.625,24.844,21.897,29.043,25.208,22.643,27.194,27.383,31.66,29.151,28.491,27.864,25.417,23.032,24.325,29.804,28.34
PCXXX(36:03)_[M+H]1+,PC,784.5851,3.945,3.811,3.681,4.395,3.599,2.395,4.274,3.597,4.6,4.354,3.826,3.549,4.071,4.848,3.481,4.786,3.695
PCXXX(36:04)_[M+H]1+,PC,782.57,46.219,41.316,40.997,48.097,44.317,40.566,46.363,42.895,54.779,48.716,42.982,43.504,44.304,81.538,40.919,52.215,56.205
PCXXX(38:01)_[M+H]1+,PC,816.6482,3.46,3.888,3.009,3.554,3.984,3.702,4.275,3.872,4.618,4.202,4.316,3.536,3.579,2.328,3.422,4.116,3.586
PCXXX(38:03)_[M+H]1+,PC,812.6169,3.737,3.235,3.137,4.227,3.693,3.352,4.205,3.659,5.09,4.276,3.957,3.731,3.921,4.397,3.445,4.493,4.415
PCXXX(38:04)_[M+H]1+,PC,810.6013,35.138,33.451,32.228,37.506,35.596,32.687,38.514,35.566,46.228,40.614,36.078,36.158,36.19,40.188,33.871,41.199,41.68
PCXXX(38:05)_[M+H]1+,PC,808.5856,10.051,8.927,7.612,10.729,8.816,8.568,9.951,9.854,12.067,10.46,9.464,9.702,9.012,9.896,8.402,10.617,11.435
PCXXX(38:06)_[M+H]1+,PC,806.57,31.583,34.088,28.312,38.945,36.988,29.923,39.744,36.871,51.786,41.529,37.098,38.688,35.631,33.583,32.851,42.404,38.198
PCXXX(40:04)_[M+H]1+,PC,838.6326,1.727,1.645,1.583,1.937,1.645,1.484,1.738,1.943,2.66,2.279,1.78,1.925,1.916,1.494,1.324,2.215,2.114
PCXXX(40:07)_[M+H]1+,PC,832.5851,6.399,6.104,5.415,6.904,6.418,5.658,7.174,6.728,9.385,6.887,6.668,6.427,6.037,9.329,5.633,6.956,7.364
PCXXX(40:08)_[M+H]1+,PC,830.5694,0.47,0,0.1,0.016,0.019,0.043,0,0.056,0.202,0.257,0.023,0.1,0.021,0.97,0.069,0.027,0.114
PCXXX(40:10)_[M+H]1+,PC,826.5381,0.007,0,0,0,0,0,0,0,0,0,0,0,0,0.045,0,0,0.017
PCXXX(42:04)_[M+H]1+,PC,866.6633,0,0.037,0,0.016,0,0,0,0,0.031,0.022,0,0.163,0.015,0,0.024,0,0.041
PCXXX(44:00)_[M+H]1+,PC,902.7578,0,0,0,0,0,0,0,0,0,0,0,0,0,0,0,0,0
PC-OX(35:03)_[M+H]1+,PC-O,756.5902,4.016,6.362,3.626,5.587,6.139,4.905,6.201,5.455,4.143,4.842,5.683,4.96,7.098,5.377,4.98,4.976,4.787
PC-OX(20:01)_[M+H]1+,PC-O,550.3867,0,0,0,0,0.021,0,0,0,0.015,0,0,0,0,0,0,0,0
PC-OX(26:03)_[M+H]1+,PC-O,630.4498,0.793,0,0.125,0.037,0.209,0.045,0,0,0,0,0,0,0.096,0.028,0.063,0,0.022
PC-OX(32:00)_[M+H]1+,PC-O,720.5902,0.536,1.461,0.512,1.635,1.294,1.038,1.048,1.764,1.648,1.646,1.762,1.732,1.359,0.531,0.799,1.412,1.257
PC-OX(32:01)_[M+H]1+,PC-O,718.575,0.245,0.909,0.217,0.951,0.747,0.302,0.81,1.247,1.19,1.22,1.267,1.292,0.907,0.356,0.573,0.9,0.908
PC-OX(34:01)_[M+H]1+,PC-O,746.6063,3.297,4.673,3.106,4.621,4.159,3.476,4.016,4.492,4.821,4.402,5.01,4.706,3.844,3.126,3.703,5.061,4.598
PC-OX(34:02)_[M+H]1+,PC-O,744.5902,0.09,0.168,0.189,0.655,0.542,0.353,0.697,1.001,1.147,0.96,0.887,0.886,0.604,0.144,0.194,0.779,0.413
PC-OX(34:03)_[M+H]1+,PC-O,742.575,0,0.059,0,0,0.021,0,0,0.015,0.016,0.174,0.071,0.018,0.038,0,0,0,0
PC-OX(36:01)_[M+H]1+,PC-O,774.6376,0.135,0.161,0.145,0.075,0.167,0.043,0.178,0.324,0.724,0.691,0.383,0.368,0.11,0,0.113,0.176,0.092
PC-OX(36:02)_[M+H]1+,PC-O,772.6215,0.05,0.125,0.13,0.437,0.126,0.071,0.309,0.416,0.852,0.801,0.614,0.572,0.223,0.032,0.09,0.534,0.19
PC-OX(36:03)_[M+H]1+,PC-O,770.6058,0.014,0.02,0.03,0.138,0.052,0,0.049,0.308,0.309,0.398,0.238,0.195,0.046,0.019,0.018,0.165,0.122
PC-OX(36:05)_[M+H]1+,PC-O,766.5745,0.123,0.869,0.042,0.428,1.755,0.278,0.227,0.427,0.136,0.164,0.377,0.601,1.006,1.505,0.198,0.121,0.06
PC-OX(37:03)_[M+H]1+,PC-O,784.622,0.046,0.195,0.053,0.138,0.079,0.138,0.104,0.225,0.359,0.3,0.159,0.177,0.202,0.05,0.091,0.171,0.071
PC-OX(38:04)_[M+H]1+,PC-O,796.6215,0.035,0,0.014,0.017,0,0.032,0,0.011,0.048,0.024,0,0.011,0,0.048,0,0.001,0
PC-OX(39:06)_[M+H]1+,PC-O,806.6063,0.195,4.218,0.23,0.282,0.303,0.089,0.041,0.239,0.251,0.532,0.264,0.475,0.292,0.146,0.13,0.249,0.12
PC-OX(40:04)_[M+H]1+,PC-O,824.6528,0.122,0,0.013,0,0.021,0.02,0,0,0.016,0.009,0.024,0.01,0,0.319,0.025,0.017,0.02
PC-OX(40:08)_[M+H]1+,PC-O,816.5907,0.019,0,0,0,0.014,0,0,0.01,0.006,0.009,0,0.005,0.011,0.011,0,0,0
PC-OX(41:04)_[M+H]1+,PC-O,838.6689,0.014,0,0,0,0,0,0,0,0.008,0,0,0,0,0.054,0,0,0.023
PC-OX(42:05)_[M+H]1+,PC-O,850.6689,1.485,1.075,0.51,0.263,0.713,1.17,0.347,0.756,0.653,0.509,0.49,0.374,0.48,7.058,0.63,0.564,1.844
PC-OX(42:09)_[M+H]1+,PC-O,842.6063,0,0,0,0,0,0,0,0,0.049,0,0,0,0.018,0,0,0,0
PC-OX(42:10)_[M+H]1+,PC-O,840.5907,0.286,0.012,0.047,0.043,0.314,0.031,0.342,0.046,0.252,0.296,0.023,0.323,0.544,0.137,0.075,0.057,0.052
PC-OX(42:11)_[M+H]1+,PC-O,838.575,0.019,0,0,0.038,0.009,0.001,0,0,0.001,0.009,0.33,0,0.012,0,0,0.004,0.031
PC-OX(44:07)_[M+H]1+,PC-O,874.6689,0,0,0,0,0,0,0,0,0.008,0,0,0,0,0,0,0,0
PEXXX(32:06)_[M+H]1+,PE,680.4291,11.129,7.535,16.184,6.725,8.221,34.002,7.894,11.118,1.815,2.41,4.393,5.217,7.52,6.763,33.155,4.323,5.994
PEXXX(34:00)_[M+H]1+,PE,720.5543,0.69,1.271,0.403,2.105,1.061,1.026,1.023,2.095,1.476,1.375,1.703,2.188,1.971,0.561,1.467,1.482,2.213
PEXXX(34:01)_[M+H]1+,PE,718.5387,4.102,5.077,3.385,4.989,4.849,4.22,5.42,4.317,3.529,3.628,4.126,4.513,5.25,4.244,4.517,4.613,4.868
PEXXX(36:00)_[M+H]1+,PE,748.5856,0.275,0.361,0.137,1.409,0.355,0.252,0.446,1.375,1.126,0.894,0.925,1.223,0.636,0.176,0.448,0.754,0.99
PEXXX(36:02)_[M+H]1+,PE,744.5543,4.932,5.983,4.004,6.232,5.639,4.728,6.336,5.38,4.56,4.399,4.996,5.511,6.043,5.294,5.392,5.213,6.315
PEXXX(38:01)_[M+H]1+,PE,774.6013,2.411,2.877,2.505,4.395,2.842,2.656,3.417,4.074,3.575,3.223,3.643,3.682,3.365,1.636,3.022,3.786,3.716
PEXXX(38:02)_[M+H]1+,PE,772.5857,0.842,0.918,0.783,0.887,0.688,0.897,0.763,0.979,0.927,1.009,0.951,0.915,0.954,0.361,0.697,0.744,0.731
PEXXX(40:10)_[M+H]1+,PE,784.4912,0,0,0,0,0,0,0.084,0,0.024,0,0,0,0,0.045,0,0,0
PEXXX(42:03)_[M+H]1+,PE,826.632,0,0,0,0,0,0,0,0,0,0,0,0,0,0.021,0,0,0
PEXXX(42:09)_[M+H]1+,PE,814.5381,2.566,0.752,1.58,0.894,0.973,1.281,0.643,0.872,1.215,0.811,0.653,0.71,0.857,12.254,1.036,1.309,3.684
PE-OX(36:04)_[M+H]1+,PE-O,726.5432,0.218,0.211,0.21,0.343,0.239,0.136,0.325,0.282,0.421,0.445,0.26,0.438,0.463,0.18,0.105,0.37,0.546
PE-OX(42:06)_[M+H]1+,PE-O,806.6058,0.195,4.218,0.23,0.282,0.303,0.089,0.041,0.239,0.251,0.532,0.264,0.475,0.292,0.146,0.13,0.249,0.12
PE-OX(40:08)_[M+H]1+,PE-O,774.5432,3.481,5.039,2.838,4.854,5.018,3.367,5.465,4.422,4.645,3.827,4.134,4.498,5.19,7.197,4.152,4.483,5.458
PGXXX(32:00)_[M+Na]1+,PG,745.499,0,0,0,0,0,0,0,0,0,0,0,0,0,0.12,0,0,0
PGXXX(33:02)_[M+H]1+,PG,733.5014,0,0,0,0,0,0,0,0,0,0,0,0,0,0,0,0,0
PGXXX(33:03)_[M+Na]1+,PG,753.4677,0,0,0.026,0,0.031,0,0,0,0,0.012,0,0.014,0.029,0.909,0,0.563,0.818
PGXXX(34:00)_[M+NH4]1+,PG,768.5749,21.827,24.41,17.139,22.967,24.097,20.112,25.295,20.736,18.096,18.033,18.288,21.2,25.358,23.354,21.125,21.606,25.494
PGXXX(34:01)_[M+Na]1+,PG,771.5147,0.479,0,0.011,0,0,0,0.037,0,0.048,0.019,0,0,0,1.692,0.019,0.017,0.07
PGXXX(34:03)_[M+H]1+,PG,745.5014,0,0,0,0,0,0,0,0,0,0,0,0,0,0.12,0,0,0
PGXXX(35:06)_[M+H]1+,PG,753.4701,0,0,0.026,0,0.033,0,0,0,0,0.012,0,0.014,0.029,0.909,0,0.563,0.818
PGXXX(36:00)_[M+H]1+,PG,779.5797,1.842,2.758,1.716,2.33,2.642,2.167,2.911,2.393,2.383,2.329,2.304,2.233,2.821,3.17,2.299,2.623,2.407
PGXXX(36:01)_[M+Na]1+,PG,799.546,0.541,0.448,0.182,0.115,0,0.055,0.07,0.026,0.41,0.203,0.037,1.02,0.136,4.361,0.02,0.327,1.556
PGXXX(36:02)_[M+H]1+,PG,775.5484,1.427,1.927,1.214,2.254,2.221,1.258,2.619,1.989,2.121,1.858,1.796,2.119,2.372,3.167,1.687,1.915,2.456
PGXXX(36:03)_[M+H]1+,PG,773.5327,0.073,0,0,0,0,0.025,0,0,0.042,0.024,0,0.345,0.025,1.477,0,0.07,0.436
PGXXX(36:03)_[M+Na]1+,PG,795.5147,0.017,0,0,0,0,0,0,0,0,0,0,0,0,1.033,0,0,0
PGXXX(36:04)_[M+H]1+,PG,771.5171,0.479,0,0.011,0,0,0,0.037,0,0.048,0.019,0,0,0,1.692,0.019,0.017,0.07
PGXXX(37:01)_[M+Na]1+,PG,813.5616,0.047,0.001,0.012,0.01,0.018,0,0.067,0.002,0.028,0.102,0.007,0.01,0.011,0.602,0,0.011,0.035
PGXXX(37:06)_[M+H]1+,PG,781.5014,0,0,0,0,0,0,0,0,0.01,0,0,0,0.013,0.584,0,0.287,0.698
PGXXX(37:06)_[M+Na]1+,PG,803.4834,0,0,0,0,0,0,0,0,0.013,0,0,0,0,0,0,0,0
PGXXX(38:00)_[M+H]1+,PG,807.611,0.015,0,0.026,0.036,0.072,0.013,0.04,0,0.095,0.169,0.068,0.036,0.043,0.042,0.015,0.042,0
PGXXX(38:05)_[M+H]1+,PG,797.5327,0.046,0.012,0,0,0.023,0,0,0,0.022,0.001,0,0,0,0.236,0.024,0,0.019
PGXXX(38:06)_[M+H]1+,PG,795.5171,0.017,0,0,0,0,0,0,0,0,0,0,0,0,1.26,0,0,0
PGXXX(39:00)_[M+H]1+,PG,821.6266,0.015,0.011,0.012,0.032,0,0,0.016,0,0.122,0.014,0.014,0,0.125,0.043,0,0,0
PGXXX(39:00)_[M+Na]1+,PG,843.6086,0,0,0,0,0,0,0,0,0.004,0,0,0,0,0,0,0,0
PGXXX(39:01)_[M+Na]1+,PG,841.5929,0,0.002,0.001,0.02,0,0,0.011,0.02,0.027,0.025,0.009,0.027,0.178,0.015,0.009,0,0.012
PGXXX(39:02)_[M+H]1+,PG,817.5953,0,0,0.006,0,0,0,0,0,0,0,0.014,0,0,0.024,0,0,0
PGXXX(39:04)_[M+H]1+,PG,813.564,0.044,0.001,0.01,0.01,0.018,0,0.01,0.002,0.001,0.032,0.007,0.01,0.011,0.075,0,0.011,0.015
PGXXX(39:07)_[M+Na]1+,PG,829.499,0,0.11,0,0.088,0.613,0.014,0.392,0.319,0,0,0,0.672,0.45,0.307,0,0.067,0.285
PGXXX(41:01)_[M+Na]1+,PG,869.6242,0,0,0,0,0,0,0,0,0.186,0,0,0,0.008,0,0,0,0
PGXXX(42:05)_[M+H]1+,PG,853.5953,0.013,0,0.005,0.019,0.025,0,0,0.006,0,0,0,0,0.011,0.119,0,0.221,0.04
PGXXX(42:10)_[M+H]1+,PG,843.5171,0.018,0,0,0,0,0,0,0,0.008,0,0,0,0,0.041,0,0,0
PGXXX(43:04)_[M+H]1+,PG,869.6266,0,0,0.007,0,0,0,0,0,0.186,0.01,0,0,0.057,0,0,0,0
PGXXX(44:12)_[M+Na]1+,PG,889.499,0,0,0,0,0,0,0,0,0,0,0,0,0,0,0,0,0
PG-OX(32:01)_[M+NH4]1+,PG-O,724.5487,0.062,0.021,0.059,0.03,0.03,0.06,0.025,0.011,2.07,0.041,0.007,0.054,0.042,0.019,0.076,0.043,0.015
PG-OX(34:01)_[M+NH4]1+,PG-O,752.58,6.195,9.865,5.709,8.605,9.718,7.457,10.681,7.972,7.374,7.203,7.297,8.111,10.271,10.117,7.702,8.554,0.144
PG-OX(37:02)_[M+Na]1+,PG-O,797.5667,1.463,1.369,1.198,1.479,1.371,1.19,1.755,1.568,1.498,1.358,1.251,1.5,1.955,1.294,1.356,1.581,1.387
PG-OX(39:00)_[M+Na]1+,PG-O,829.6293,0,0,0,0,0,0,0,0,0,0,0,0,0,0,0,0,0
PG-OX(40:00)_[M+NH4]1+,PG-O,838.6895,0,0,0,0,0,0,0,0,0.005,0,0,0,0,0,0,0,0
PG-OX(40:06)_[M+Na]1+,PG-O,831.551,0.084,0.012,0.01,0,0.013,0.01,0,0.001,0.018,0.024,0,0,0.011,0.066,0,0.01,0.011
PG-OX(42:06)_[M+Na]1+,PG-O,859.5823,0,0,0,0,0,0,0,0,0.007,0,0,0,0,0,0,0.009,0
PG-OX(39:02)_[M+Na]1+,PG-O,825.598,0,0,0,0,0,0,0,0,0.005,0,0,0,0,0,0,0,0
PG-OX(42:03)_[M+Na]1+,PG-O,865.6293,0.013,0,0,0.009,0,0,0.012,0,0.253,0.012,0,0.016,0.019,0.02,0.015,0,0
PIXXX(26:00)_[M+NH4]1+,PI,744.4658,0,0.022,0,0,0,0,0,0,0.01,0.008,0,0,0,0.018,0,0,0
PIXXX(29:01)_[M+Na]1+,PI,789.4525,0,0,0,0,0,0,0,0,0,0,0,0,0,0.236,0,0.073,0.022
PIXXX(30:01)_[M+H]1+,PI,781.4862,0,0,0,0.021,0,0,0,0,0.013,0,0,0,0,0.156,0,0.05,0.698
PIXXX(30:02)_[M+Na]1+,PI,801.4525,0,0,0,0,0,0,0,0,0,0,0.013,0,0,0,0,0,0
PIXXX(30:03)_[M+NH4]1+,PI,794.4814,0,0,0,0,0,0,0,0,0,0,0,0,0,0,0,0,0.023
PIXXX(34:03)_[M+Na]1+,PI,855.4994,0,0,0,0,0,0,0,0,0,0,0,0,0,0,0,0,0
PIXXX(36:04)_[M+Na]1+,PI,881.5151,0,0,0,0,0,0,0,0,0.008,0,0,0,0,0.021,0,0,0
PIXXX(37:04)_[M+Na]1+,PI,895.5307,0,0,0,0,0,0,0,0,0,0,0,0,0,0,0,0,0
PIXXX(37:06)_[M+Na]1+,PI,891.4994,0,0,0,0,0,0,0,0,0,0,0,0,0,0,0.014,0,0
PIXXX(37:07)_[M+Na]1+,PI,889.4838,0,0,0,0,0,0,0,0,0,0,0,0,0,0,0,0,0
PIXXX(38:07)_[M+H]1+,PI,881.5175,0,0,0,0,0,0,0,0,0.008,0,0,0,0,0.021,0,0,0
PIXXX(39:08)_[M+Na]1+,PI,915.4994,0,0,0,0,0,0,0,0,0,0.015,0,0,0,0,0,0,0
PIXXX(39:08)_[M+NH4]1+,PI,910.544,0.013,0,0,0,0,0,0,0.01,0.008,0.012,0,0,0,0.019,0,0,0
PIXXX(40:07)_[M+H]1+,PI,909.5488,0.066,0.017,0.021,0.016,0,0.02,0,0,0.024,0,0,0,0,0.311,0,0,0.066
PIXXX(41:00)_[M+H]1+,PI,937.674,0,0,0,0,0,0,0,0,0.005,0,0,0,0,0,0,0,0
PIXXX(41:01)_[M+Na]1+,PI,957.6403,0,0,0,0,0,0,0,0,0,0,0,0,0,0,0,0,0
PIXXX(42:04)_[M+Na]1+,PI,965.609,0,0,0.009,0,0,0,0.015,0,0,0,0,0,0,0,0.018,0,0
PIXXX(42:06)_[M+H]1+,PI,939.5957,0,0.029,0,0,0,0,0,0,0,0.024,0,0,0,0.201,0,0,0.025
PIXXX(42:09)_[M+NH4]1+,PI,950.5753,0,0,0,0,0,0,0,0,0,0.001,0,0,0,0,0,0,0
PIXXX(43:04)_[M+H]1+,PI,957.6427,0,0,0,0,0,0,0,0,0,0,0,0,0,0,0,0,0
PIXXX(44:07)_[M+H]1+,PI,965.6114,0,0,0.01,0,0,0,0.016,0,0,0,0,0,0,0,0.018,0,0
PI-OX(31:01)_[M+Na]1+,PI-O,803.5045,0,0,0,0,0,0,0,0,0,0,0,0,0,0,0,0,0
PI-OX(32:01)_[M+H]1+,PI-O,795.5382,0.013,0.001,0.033,0.025,0.029,0,0.03,0.065,0.04,0.045,0.005,0.038,0.018,1.26,0.012,0.012,0.012
PI-OX(33:01)_[M+NH4]1+,PI-O,826.5804,0.049,0.048,0,0,0,0,0,0,0.067,0.008,0,0.262,0.011,0.456,0,0,0.142
PI-OX(34:00)_[M+NH4]1+,PI-O,842.6117,0,0,0,0,0,0,0,0,0.049,0,0,0,0.018,0,0,0,0
PI-OX(34:01)_[M+H]1+,PI-O,823.5695,0,0,0.012,0,0,0,0,0,0.009,0,0,0,0.043,0,0,0,0
PI-OX(34:02)_[M+NH4]1+,PI-O,838.5804,0.011,0,0,0,0,0,0,0,0,0,0.012,0,0,0,0,0,0
PI-OX(34:03)_[M+Na]1+,PI-O,841.5201,0,0,0.01,0,0,0,0.026,0,0,0,0.021,0.013,0,0.727,0,0.016,0.103
PI-OX(35:01)_[M+Na]1+,PI-O,859.5671,0,0,0,0,0,0,0,0,0,0,0,0,0,0,0,0,0
PI-OX(35:02)_[M+Na]1+,PI-O,857.5514,0.013,0,0,0,0,0,0,0,0.012,0,0,0.012,0,0,0,0,0.018
PI-OX(36:00)_[M+NH4]1+,PI-O,870.643,0,0,0,0,0,0,0,0,0.032,0,0,0,0,0,0,0,0
PI-OX(36:05)_[M+H]1+,PI-O,843.5382,0.022,0,0,0,0,0,0,0,0.01,0,0,0,0,0.045,0,0,0
PI-OX(36:05)_[M+NH4]1+,PI-O,860.5647,0,0,0,0,0,0,0,0,0,0,0,0,0,0,0,0,0
PI-OX(37:01)_[M+H]1+,PI-O,865.6164,0,0,0,0.018,0,0,0,0,0.253,0,0,0.01,0.032,0.02,0,0,0
PI-OX(38:00)_[M+NH4]1+,PI-O,898.6743,0,0,0,0,0,0,0,0,0,0,0,0.008,0,0,0,0,0
PI-OX(38:01)_[M+NH4]1+,PI-O,896.6586,0,0,0,0,0,0,0,0,0,0,0,0,0,0,0,0,0
PI-OX(38:02)_[M+H]1+,PI-O,877.6164,0,0,0,0,0,0,0,0,0,0,0,0,0,0,0,0,0
PI-OX(38:02)_[M+NH4]1+,PI-O,894.643,0,0,0,0,0,0,0,0,0.018,0,0,0,0,0,0,0,0
PI-OX(38:04)_[M+H]1+,PI-O,873.5851,0,0,0,0,0,0,0,0,0,0,0,0,0,0,0,0,0
PI-OX(40:00)_[M+NH4]1+,PI-O,926.7056,0,0,0,0,0,0,0.029,0,0,0,0,0,0,0,0,0,0
PI-OX(40:02)_[M+Na]1+,PI-O,927.6297,0,0,0,0,0,0,0,0,0,0,0,0,0,0,0,0,0
PI-OX(40:02)_[M+NH4]1+,PI-O,922.6743,0,0,0,0,0,0,0.011,0,0,0,0,0,0,0,0,0,0
PI-OX(40:06)_[M+Na]1+,PI-O,919.5671,0,0,0,0,0,0,0,0,0,0,0,0,0,0,0,0,0
PI-OX(29:01)_[M+Na]1+,PI-O,775.4732,0,0.023,0,0,0,0,0,0,0,0,0,0,0,0,0,0,0
PI-OX(33:03)_[M+NH4]1+,PI-O,822.5491,0,0,0,0,0,0.011,0,0,0.013,0,0,0,0,0,0,0,0.016
PI-OX(34:05)_[M+Na]1+,PI-O,837.4888,0,0,0,0,0,0,0,0,0,0,0.025,0,0,0,0,0,0
PI-OX(36:06)_[M+H]1+,PI-O,841.5225,0,0,0.014,0,0,0,0.026,0,0,0,0.021,0.013,0,0.727,0,0.016,0.103
PI-OX(36:06)_[M+NH4]1+,PI-O,858.5491,0.017,0.014,0.007,0,0,0.002,0,0,0.009,0.005,0.001,0,0,4.366,0,0.043,0.047
PI-OX(41:01)_[M+H]1+,PI-O,921.679,0,0,0,0,0,0,0,0,0,0,0,0,0,0,0,0,0
PI-OX(42:03)_[M+NH4]1+,PI-O,948.6899,0,0,0,0,0,0,0,0,0.007,0,0,0,0,0,0,0,0
PI-OX(42:05)_[M+H]1+,PI-O,927.6321,0,0,0,0,0,0,0,0,0,0,0,0,0,0,0,0,0
PI-OX(42:05)_[M+NH4]1+,PI-O,944.6586,0,0,0,0,0,0.015,0,0,0,0,0,0,0,0,0,0,0
PSXXX(28:00)_[M+Na]1+,PS,702.4317,0.005,0.012,0.001,0,0.017,0,0,0,0,0,0.018,0.016,0,0.006,0,0.021,0.001
PSXXX(33:00)_[M+Na]1+,PS,772.5099,0.432,0.399,0.234,0.062,0.055,0.044,0.014,0.04,0.483,0.257,0,1.356,0.103,4.421,0.021,0.364,2.037
PSXXX(33:03)_[M+H]1+,PS,744.481,0,0.01,0,0,0,0,0,0,0.01,0.008,0,0,0,0,0,0,0
PSXXX(34:06)_[M+Na]1+,PS,774.4317,0,0,0,0,0,0,0,0,0,0,0,0,0,0,0,0,0.025
PSXXX(35:03)_[M+H]1+,PS,772.5123,0.432,0.399,0.234,0.08,0.08,0.044,0.018,0.049,0.483,0.257,0,1.356,0.103,4.421,0.021,0.364,2.037
PSXXX(35:04)_[M+H]1+,PS,770.4967,0.367,0.041,0.131,0.031,0.063,0.096,0.097,0.025,0.186,0.072,0.013,0.113,0.045,4.157,0,0.18,0.792
PSXXX(36:02)_[M+H]1+,PS,788.5436,0.831,0.982,0.836,1.299,1.186,0.415,1.446,1.34,0.79,0.926,0.734,1.348,1.559,0.408,0.905,0.831,1.116
PSXXX(37:04)_[M+H]1+,PS,798.528,1.974,1.716,0.913,0.533,0.302,0.559,0.352,0.421,1.257,0.838,0.242,2.802,0.813,9.255,0.38,1.737,4.455
PSXXX(38:01)_[M+H]1+,PS,818.5906,0.783,0.146,0.533,0.101,0.158,0.137,0.263,0.295,0.254,0.169,0.106,0.164,0.442,0.069,0.26,0.077,0.115
PSXXX(38:03)_[M+Na]1+,PS,836.5412,8.875,11.042,6.877,10.001,11.359,5.863,11.979,9.331,8.092,7.356,7.55,9.808,12.218,7.904,9.188,8.145,11.1
PSXXX(39:08)_[M+Na]1+,PS,840.4786,0.015,0,0,0,0,0,0,0,0,0,0,0,0,0,0,0,0
PSXXX(40:03)_[M+H]1+,PS,842.5906,0.042,0,0,0,0,0,0.011,0,0.011,0.01,0,0,0,0,0,0,0
PSXXX(40:06)_[M+Na]1+,PS,858.5256,1.374,0.143,0.496,0.141,0.165,0.132,0.081,0.355,0.456,0.315,0.229,0.159,0.283,4.366,0.108,0.319,1.857
PSXXX(41:02)_[M+H]1+,PS,858.6219,0,0,0,0,0,0.021,0.005,0,0.001,0.001,0,0.009,0,0,0,0,0
PSXXX(41:02)_[M+Na]1+,PS,880.6038,0.022,0,0,0,0.015,0,0,0,0,0.007,0,0,0,0,0,0,0
PSXXX(42:09)_[M+H]1+,PS,858.528,1.374,0.143,0.496,0.141,0.165,0.132,0.081,0.355,0.456,0.315,0.229,0.159,0.283,4.366,0.108,0.319,1.857
PSXXX(42:09)_[M+Na]1+,PS,880.5099,0,0,0,0,0,0.014,0.019,0,0.008,0.017,0,0,0,0.404,0.021,0,0
PSXXX(44:08)_[M+Na]1+,PS,910.5569,0,0,0,0,0,0,0,0.01,0.008,0.012,0,0,0,0.02,0,0,0
PS-OX(38:03)_[M+H]1+,PS-O,800.58,0,0,0.012,0,0,0,0,0,0,0.012,0,0,0,0.045,0,0,0
PS-OX(39:01)_[M+H]1+,PS-O,818.6269,0.001,0,0,0.001,0.001,0,0,0.012,0.007,0.023,0.017,0.003,0.001,0.139,0,0,0.001
PS-OX(40:04)_[M+H]1+,PS-O,826.5956,0.015,0,0,0,0,0,0,0,0.001,0,0,0.001,0.012,0.033,0,0,0
PS-OX(40:04)_[M+Na]1+,PS-O,848.5776,0,0,0,0,0,0,0,0,0,0,0,0,0,0,0,0,0
PS-OX(40:06)_[M+H]1+,PS-O,822.5643,0,0,0,0,0,0,0,0.008,0,0,0,0,0,0,0,0,0.024
PS-OX(41:00)_[M+Na]1+,PS-O,870.6558,0,0,0,0,0,0,0,0.014,0.032,0,0,0,0,0,0,0,0
PS-OX(42:04)_[M+H]1+,PS-O,854.6269,0,0.014,0,0,0,0,0,0,0,0,0,0,0,0,0,0,0
PS-OX(36:06)_[M+Na]1+,PS-O,788.4837,0.013,0.025,0,0,0,0,0,0,0,0.006,0.008,0.019,0,0.045,0,1.552,2.394
SMXXX(32:01)_[M+H]1+,SM,675.5436,0,0.032,0,0,0,0,0,0,0,0.008,0,0,0,0.084,0,0,0
SMXXX(32:02)_[M+H]1+,SM,673.5279,0.146,0.081,0,0,0.046,0.022,0.025,0,0.02,0.017,0,0.015,0.065,0.459,0.043,0.039,0.045
SMXXX(34:01)_[M+H]1+ / DGXXX(44:08)_[M+H-H2O]1+,SM,703.5749,2.111,2.322,2.008,2.417,2.264,3.257,1.752,2.714,1.773,2.217,2.277,2.603,2.468,1.514,1.806,2.219,2.142
SMXXX(34:02)_[M+H]1+,SM,701.5592,0,0,0,0,0,0,0,0,0.007,0.01,0,0,0,0.028,0,0,0
SMXXX(36:01)_[M+H]1+,SM,731.6062,29.152,51.322,22.659,48.377,47.071,38.793,41.723,51.634,36.574,40.946,43.652,49.199,46.808,31.645,40.082,41.078,47.005
SMXXX(36:02)_[M+H]1+,SM,729.5905,3.49,4.091,3.124,2.502,4.856,3.409,3.844,3.002,4.003,4.2,4.713,3.485,4.686,3.664,3.945,4.987,3.747
SMXXX(36:04)_[M+H]1+,SM,725.5593,0.001,0,0,0,0,0,0,0,0.01,0,0,0,0,0.088,0,0,0
SMXXX(38:01)_[M+H]1+,SM,759.6375,1.719,3.396,1.428,3.141,2.949,2.727,2.324,3.187,2.162,2.864,2.811,3.089,3.12,1.527,2.331,2.275,2.248
SMXXX(38:02)_[M+H]1+,SM,757.6218,0.013,0,0,0,0,0,0,0,0.024,0.027,0,0.013,0.017,0,0,0,0
SMXXX(39:01)_[M+H]1+,SM,773.6531,0,0,0,0,0,0,0,0,0.009,0,0,0,0,0.019,0,0,0
SMXXX(40:01)_[M+H]1+,SM,787.6688,0.87,1.482,0.765,1.076,1.212,1.616,1.365,1.423,1.486,1.532,1.651,1.261,1.521,0.234,1.072,1.106,0.959
SMXXX(40:02)_[M+H]1+,SM,785.6531,0.09,0.228,0.19,0.382,0.215,0.297,0.216,0.446,0.496,0.627,0.445,0.583,0.43,0.059,0.068,0.391,0.341
SMXXX(40:07)_[M+H]1+,SM,775.575,0.01,0,0.001,0.003,0.001,0.012,0.002,0.01,0.05,0.007,0,0.005,0.015,0,0.01,0,0.018
SMXXX(41:01)_[M+H]1+,SM,799.6688,0.259,0.012,0.008,0.016,0.003,0.017,0.015,0.038,0.065,0.081,0.027,0.059,0.031,0.022,0,0,0
SMXXX(41:04)_[M+H]1+,SM,795.6376,0.013,0.014,0,0.009,0,0.017,0.017,0.022,0.048,0.013,0.022,0.001,0,0.023,0.033,0,0
SMXXX(42:01)_[M+H]1+,SM,815.7001,0.526,1.098,0.505,0.761,0.708,1.08,0.793,1.123,1.232,1.191,1.246,0.95,1.11,0.133,0.816,0.671,0.437
SMXXX(42:02)_[M+H]1+,SM,813.6844,6.684,9.485,6.309,9.112,8.473,8.291,9.145,9.437,8.852,9.085,9.212,8.385,9.865,6.165,7.885,9.034,8.665
SMXXX(43:06)_[M+H]1+,SM,819.6376,0.819,0.041,2.339,2.373,0.064,0.16,0.597,0.191,3.796,1.317,0.02,0.157,4.421,1.245,0.14,0.738,1.468
SMXXX(44:02)_[M+H]1+,SM,841.7157,0,0,0,0,0,0,0.017,0,0.003,0.01,0,0,0,0,0,0,0.01
SMXXX(45:00)_[M+H]1+,SM,859.7628,0,0,0,0,0,0,0,0,0,0,0,0,0,0.066,0,0,0
SMXXX(47:01)_[M+H]1+,SM,885.7784,0,0,0,0,0.019,0,0,0.022,0,0,0,0,0,1.062,0,0,0.044
TGXXX(36:00)_[M+Na]1+,TG,661.5378,0.017,0,0,0,0,0,0,0.013,0.004,0,0,0,0,3.679,0.044,0.019,0.041
TGXXX(38:01)_[M+NH4]1+,TG,682.598,0.047,0.066,0.014,0.039,0,0.041,0.112,0.093,0.015,0.084,0.018,0.015,0.061,0.214,0.024,0.02,0
TGXXX(38:03),TG,678.5672,0,0,0,0,0,0,0,0,0,0,0,0,0,0,0,0,0
TGXXX(40:01)_[M+NH4]1+,TG,710.6293,0,0,0.013,0,0,0,0,0,0,0,0,0,0,0.081,0,0,0
TGXXX(41:02)_[M+Na]1+,TG,727.5847,0.153,0.08,0.012,0.109,0.085,0.242,0.188,0.421,0.216,0.094,0.122,0.06,0.116,0.065,0.044,0.059,0.041
TGXXX(42:02)_[M+NH4]1+,TG,736.645,0,0,0,0,0,0,0,0,0,0.017,0,0,0,0,0,0,0
TGXXX(42:04)_[M+Na]1+,TG,737.5691,1.465,2.61,1.134,2.404,2.1,2.219,2.41,2.723,2.73,2.763,2.637,2.365,2.154,1.162,2.091,2.172,2.319
TGXXX(43:01)_[M+NH4]1+,TG,752.6763,0,0,0,0,0,0,0,0,0,0,0,0,0,0,0,0,0
TGXXX(43:02)_[M+Na]1+,TG,755.616,0.169,0.208,0.104,0.019,0.153,0.211,0.12,0.334,0.26,0.453,0.287,0.223,0.497,0.065,0.197,0.05,0.028
TGXXX(43:03)_[M+NH4]1+,TG,748.645,0,0,0,0,0,0,0,0,0.001,0,0.006,0,0,0,0,0,0.001
TGXXX(43:04)_[M+NH4]1+,TG,746.6293,0.077,0.042,0.044,0.016,0.033,0.002,0.008,0.018,0.02,4.402,5.01,4.706,0.016,0.016,0.009,0.088,0.012
TGXXX(43:05),TG,744.6141,0.008,0.011,0,0,0,0,0,0,0.012,0.008,0,0.008,0.009,0,0,0,0
TGXXX(44:01)_[M+Na]1+,TG,771.6473,0,0,0,0,0,0,0,0,0,0,0,0,0,0,0,0,0
TGXXX(45:03)_[M+Na]1+,TG,781.6317,0.275,0.091,0.152,0.131,0.122,0.179,0.202,0.393,0.286,0.344,0.207,0.266,0.253,0.062,0.173,0.024,0.075
TGXXX(46:02)_[M+Na]1+,TG,797.663,1.677,2.627,0.967,2.077,2.355,2.893,2.937,2.894,1.688,2.261,2.118,1.829,3.149,1.002,2.958,1.302,2.083
TGXXX(46:03)_[M+Na]1+,TG,795.6473,0.013,0,0,0,0,0.017,0.017,0.026,0,0.009,0.022,0,0,0,0.001,0,0
TGXXX(46:04)_[M+NH4]1+,TG,788.6763,0.344,0.763,0.566,0.547,0.649,0.596,0.244,0.614,0.627,0.632,0.506,0.354,0.65,0.129,0.69,0.345,0.279
TGXXX(46:05)_[M+NH4]1+,TG,786.6606,0.04,0,0.022,0.09,0.031,0.019,0.03,0.089,0.109,0.172,0.042,0.081,0.061,0.016,0.038,0.048,0.017
TGXXX(47:03)_[M+Na]1+,TG,809.663,3.129,3.984,2.755,3.672,3.807,4.247,4.664,4.18,2.813,3.276,3.33,3.167,4.522,2.481,4.603,2.743,3.548
TGXXX(48:00)_[M+Na]1+,TG,829.7256,0,0,0.088,0,0.016,0.063,0,0.012,0.001,0.007,0,0.024,0.73,4.406,0.022,0.095,0.433
TGXXX(48:01)_[M+Na]1+,TG,827.7099,0,0,0.012,0.012,0,0,0,0,0,0.023,0.009,0,0.016,0.025,0,0,0.002
TGXXX(48:01)_[M+NH4]1+,TG,822.7545,1.504,0,2.129,0,0,0.302,0.038,0.117,0.605,0.16,0.877,0.05,0,0.833,0.061,0.047,0.064
TGXXX(48:02)_[M+Na]1,TG,825.6943,0,0.024,0.011,0.015,0,0.021,0,0.024,0.026,0.016,0.044,0,0.022,0.026,0,0,0.021
TGXXX(48:02)_[M+NH4]1+,TG,820.7389,0.959,0,1.994,0,0,0.039,0,0.021,0.339,0.15,0.621,0,0,0.411,0,0,0.019
TGXXX(48:03)_[M+Na]1+,TG,823.6786,0,0,0,0,0,0,0,0,0,0.007,0,0,0,0,0.017,0,0
TGXXX(48:06)_[M+NH4]1+,TG,812.6763,1.113,1.517,0.833,0.911,1.267,1.564,1.579,1.286,1.189,1.304,1.324,1.069,1.413,0.323,1.426,0.77,0.858
TGXXX(49:02)_[M+NH4]1+,TG,834.7545,0.012,0,0.054,0,0,0,0,0,0.008,0,0,0.013,0,0,0,0,0
TGXXX(49:04)_[M+NH4]1+,TG,830.7232,0,0,0.019,0,0.021,0,0,0.012,0.013,0.01,0.002,0,0.009,1.892,0,0.011,0.09
TGXXX(50:00)_[M+Na]1+,TG,857.7569,0.012,0,0.323,0.024,0,0.127,0,0.121,0.005,0,0,0.013,0,4.279,0.107,0.119,0.641
TGXXX(50:01)_[M+Na]1+,TG,855.7412,0.079,0,0.705,0,0,0,0,0,0,0,0,0,0,0.125,0,0,0
TGXXX(50:01)_[M+NH4]1+,TG,850.7858,3.899,0.122,5.714,0.091,0.13,0.796,0.392,1.165,1.764,0.902,1.709,0.294,0.135,1.17,0.119,0.159,0.185
TGXXX(50:02)_[M+Na]1+,TG,853.7256,0.016,0,0.347,0,0,0.017,0,0,0,0,0,0,0,0.137,0,0,0
TGXXX(50:02)_[M+NH4]1+,TG,848.7702,5.729,0,12.628,0,0,0.567,0.303,1.191,2.233,1.122,2.622,0.177,0.013,1.244,0.118,0.101,0.343
TGXXX(50:03)_[M+H]1+,TG,846.755,2.505,0,7.181,0,0,0.123,0.017,0.093,0.858,0.377,0.997,0.028,0,0.241,0.037,0.027,0
TGXXX(50:03)_[M+Na]1+,TG,851.7099,0,0,0.01,0,0,0,0,0,0,0,0,0,0,0.022,0,0,0
TGXXX(50:03)_[M+NH4]1+,TG,846.7545,2.505,0,7.181,0,0,0.123,0.017,0.093,0.858,0.377,0.997,0.028,0,0.241,0.037,0.027,0
TGXXX(50:04)_[M+NH4]1+,TG,844.7389,0.076,0,1.676,0,0,0,0.009,0,0.008,0,0.018,0,0,0,0,0,0
TGXXX(50:05)_[M+Na]1+,TG,847.6786,0.032,0,0.21,0.043,0,0,0.038,0,0.997,0.168,0,0,0.971,0.056,0,0.011,0.027
TGXXX(50:06)_[M+Na]1+,TG,845.663,0.008,0.03,0.016,0.009,0,0.02,0.065,0.026,0.343,0.236,0.044,0.047,0.027,0.014,0.013,0.013,0.045
TGXXX(50:07)_[M+NH4]1+,TG,838.6919,0,0,0,0,0,0,0,0,0.007,0,0,0,0,0,0,0,0
TGXXX(51:04)_[M+NH4]1+,TG,858.7545,0,0,0.011,0,0.019,0.018,0,0.01,0,0,0,0,0,2.443,0.018,0.04,0.08
TGXXX(51:05)_[M+NH4]1+,TG,856.7389,0,0,0.185,0,0,0,0,0,0,0,0,0,0,0.022,0,0,0
TGXXX(51:06)_[M+NH4]1+,TG,854.7232,0,0,0.033,0,0,0,0,0,0.008,0,0,0,0,0.034,0,0,0
TGXXX(51:07)_[M+NH4]1+,TG,852.7076,0,0,0,0,0,0,0,0,0,0,0,0.007,0,0,0,0,0
TGXXX(52:00)_[M+Na]1+,TG,885.7882,0,0,0,0,0.019,0,0,0.022,0,0,0,0,0,1.062,0,0,0.044
TGXXX(52:02)_[M+Na]1+,TG,881.7569,0,0,0.388,0,0,0,0,0,0,0.007,0,0,0,0.109,0,0,0.021
TGXXX(52:02)_[M+NH4]1+,TG,876.8015,7.445,0.02,9.548,0.017,0,1.051,0.654,2.219,3.599,1.656,3.126,0.19,0.11,1.31,0.338,0.068,0.412
TGXXX(52:03)_[M+Na]1+,TG,879.7412,0.014,0,0.689,0,0,0,0,0,0,0,0,0,0,0.059,0,0,0
TGXXX(52:03)_[M+NH4]1+,TG,874.7858,9.021,0,22.751,0,0,0.894,0.267,1.83,3.041,1.657,3.034,0.084,0.043,0.882,0.664,0.053,0.194
TGXXX(52:04)_[M+NH4]1+,TG,872.7702,4.414,0,16.142,0,0,0.198,0,0.282,0.91,0.48,1.322,0.012,0.013,0.139,0.044,0,0.016
TGXXX(52:05)_[M+Na]1+,TG,875.7099,0,0,0,0,0,0,0,0,0,0,0,0,0,0,0,0.011,0
TGXXX(52:06)_[M+Na]1+,TG,873.6943,0,0.012,0.021,0,0.013,0,0,0.009,0.274,0.03,0.014,0.009,0,0,0,0,0
TGXXX(52:07)_[M+Na]1+,TG,871.6762,0.009,0,0,0.024,0,0,0,0.005,0.067,0.097,0,0.008,0,0,0,0,0
TGXXX(52:08)_[M+Na]1+,TG,869.663,0,0,0.012,0,0,0,0,0,0.186,0.005,0,0,0.053,0.013,0,0,0
TGXXX(52:10)_[M+Na]1+,TG,865.6317,0.015,0,0,0,0,0,0.012,0,0.253,0.012,0,0.016,0.001,0.02,0.024,0,0
TGXXX(53:03)_[M+NH4]1+,TG,888.8015,0,0,0.163,0,0,0,0,0,0.007,0,0,0,0,0,0,0,0
TGXXX(53:04)_[M+NH4]1+,TG,886.7858,0,0,0.057,0,0,0,0,0,0,0,0,0,0,0.271,0,0,0
TGXXX(53:06)_[M+NH4]1+,TG,882.7545,0,0,0.134,0,0,0,0,0,0,0.003,0,0,0,0.024,0,0,0
TGXXX(53:07)_[M+NH4]1+,TG,880.7389,0,0,0.244,0,0,0,0,0,0,0.011,0,0,0,0,0,0,0
TGXXX(53:08)_[M+Na]1+,TG,883.6786,0,0,0,0,0,0,0,0,0,0,0,0,0,0,0,0,0
TGXXX(53:10)_[M+NH4]1+,TG,874.6919,0,0,0,0,0,0,0,0,0.006,0,0,0,0,0,0,0,0
TGXXX(54:01)_[M+NH4]1+,TG,906.8484,0,0,0.007,0,0.016,0,0,0.012,0,0.008,0.017,0,0.069,0.232,0,0,0
TGXXX(54:02)_[M+Na]1+,TG,909.7882,0,0.032,0,0,0,0,0,0,0,0,0,0,0,0,0,0,0
TGXXX(54:02)_[M+NH4]1+,TG,904.8328,0.276,0,0.501,0,0,0,0,0.026,0.261,0.022,0.093,0,0,0.018,0,0,0
TGXXX(54:03)_[M+NH4]1+,TG,902.8171,4.759,0,6.005,0,0,0.093,0.177,0.981,2.118,1.085,1.514,0.012,0.022,0.224,0.062,0,0.074
TGXXX(54:06)_[M+Na]1+,TG,901.7256,0,0,0,0,0,0,0,0,0,0.006,0,0,0.014,0,0,0,0
TGXXX(54:07)_[M+Na]1+,TG,899.7099,0,0,0,0,0,0,0,0,0,0,0,0,0,0,0,0,0
TGXXX(54:11)_[M+Na]1+,TG,891.6473,0.014,0,0,0,0.037,0.02,0,0.007,0.017,0.01,0,0.008,0.031,0,0,0,0
TGXXX(55:01)_[M+NH4]1+,TG,920.8641,0,0,0,0,0,0,0,0,0,0,0,0,0,0,0,0,0
TGXXX(56:05)_[M+NH4]1+,TG,926.8171,0.027,0,0.283,0,0,0,0,0,0.008,0.008,0,0,0.013,0,0,0,0
TGXXX(56:06)_[M+NH4]1+,TG,924.8015,0.015,0,0.212,0,0,0,0,0.011,0.026,0,0,0,0.017,0,0,0,0
TGXXX(56:07)_[M+NH4]1+,TG,922.7858,0.024,0,0.39,0,0,0,0,0,0.084,0.008,0,0.013,0,1.327,0,0,0
TGXXX(56:08)_[M+Na]1+,TG,925.7256,0,0,0,0,0,0,0.02,0,0.002,0,0,0,0,0,0,0,0
TGXXX(56:09)_[M+Na]1+,TG,923.7099,0,0,0,0,0,0,0,0,0,0,0,0,0,0,0.024,0,0
TGXXX(56:10)_[M+Na]1+,TG,921.6943,0,0,0,0,0,0,0,0,0,0,0,0,0,0,0,0.017,0
TGXXX(57:00)_[M+Na]1+,TG,955.8664,0,0,0,0,0,0,0,0,0,0,0,0,0,0,0,0,0
TGXXX(57:12)_[M+NH4]1+,TG,926.7232,0,0,0,0,0,0,0.015,0,0,0,0,0,0,0,0,0,0
TGXXX(58:02)_[M+Na]1+,TG,965.8508,0,0,0,0,0,0,0,0,0,0.012,0,0,0,0,0,0,0
TGXXX(58:02)_[M+NH4]1+,TG,960.8954,0,0,0,0,0,0,0,0,0,0,0,0,0,0,0,0,0
TGXXX(58:04)_[M+Na]1+,TG,961.8195,0,0,0,0,0,0,0,0,0,0,0,0,0,0,0,0,0
TGXXX(58:07)_[M+Na]1+,TG,955.7725,0,0,0,0,0,0,0,0,0,0,0,0,0,0,0,0,0
TGXXX(58:09)_[M+NH4]1+,TG,946.7858,0,0,0,0,0,0,0,0,0,0,0,0,0,0,0,0,0.016
TGXXX(58:12)_[M+Na]1+,TG,945.6943,0,0,0,0,0,0,0,0,0,0,0,0,0,0,0,0,0
TGXXX(59:03)_[M+Na]1+,TG,977.8508,0,0.011,0,0,0,0,0,0,0,0.008,0,0.006,0,2.517,0,0.006,0.011
TGXXX(59:08)_[M+NH4]1+,TG,962.8171,0,0,0,0,0,0,0,0,0,0,0,0,0,0,0,0,0
TGXXX(60:00)_[M+Na]1+,TG,997.9134,0,0,0,0,0,0,0,0,0,0,0,0,0,0,0,0,0
TGXXX(60:05)_[M+Na]1+,TG,987.8351,0,0,0,0,0,0,0,0,0,0,0,0,0,0,0,0,0
TGXXX(60:06)_[M+Na]1+,TG,985.8195,0,0,0,0,0,0,0,0,0,0,0,0,0,0,0,0,0
TGXXX(60:11)_[M+NH4]1+,TG,970.7858,0,0,0,0,0.017,0,0,0,0,0,0,0,0,0,0,0,0
TGXXX(60:12)_[M+Na]1+,TG,973.7256,0,0,0,0,0,0,0,0,0,0,0,0,0,0,0,0,0
TGXXX(60:13)_[M+Na]1+,TG,971.7099,0,0,0,0,0,0,0,0,0,0,0,0,0,0,0,0,0
TGXXX(62:00)_[M+NH4]1+,TG,1020.9893,0,0,0,0,0,0,0,0,0,0,0,0,0,0,0,0,0
TGXXX(62:06)_[M+Na]1+,TG,1013.8508,0,0,0,0,0,0,0,0,0,0,0,0,0,0,0,0,0
TGXXX(62:08)_[M+Na]1+,TG,1009.8195,0,0,0,0,0,0,0,0,0,0,0,0,0,0,0,0,0
TGXXX(63:02)_[M+Na]1+,TG,1035.929,0,0,0,0,0,0,0,0,0,0,0,0,0,0,0,0,0
TGXXX(63:03)_[M+Na]1+,TG,1033.9134,0,0,0,0,0,0,0,0,0,0,0,0,0,0,0,0,0
TGXXX(63:12)_[M+NH4]1+,TG,1010.8171,0,0,0,0,0,0,0,0,0,0,0,0.008,0,0.017,0,0,0
TGXXX(64:13)_[M+NH4]1+,TG,1022.8171,0,0,0,0,0,0,0,0,0,0,0,0,0,0,0,0,0
TGXXX(65:01)_[M+NH4]1+,TG,1061.0206,0,0,0,0,0,0,0,0,0,0,0,0,0,0.019,0,0,0
TGXXX(65:06)_[M+NH4]1+,TG,1050.9423,0,0,0,0,0,0,0,0,0,0,0,0,0,0,0,0,0
TGXXX(65:07)_[M+Na]1+,TG,1053.8821,0,0,0,0,0,0,0,0,0,0,0,0,0,0,0,0,0
TGXXX(65:08)_[M+NH4]1+,TG,1046.911,0,0,0,0,0,0,0,0,0,0,0,0,0,0,0,0,0
TGXXX(65:09)_[M+NH4]1+,TG,1044.8954,0,0,0,0,0,0,0,0,0,0,0,0,0,0,0,0,0
TGXXX(66:08)_[M+Na]1+,TG,1065.8821,0,0,0,0,0,0,0,0.005,0,0,0,0,0,0,0,0,0
TGXXX(66:14)_[M+NH4]1+,TG,1048.8328,0,0,0,0,0,0,0,0,0,0,0.014,0.011,0,0,0,0,0
TGXXX(67:04),TG,1083.0054,0,0,0,0,0,0,0,0,0,0,0,0,0,0,0,0,0
TGXXX(68:12),TG,1080.8958,0,0,0,0,0,0,0,0,0,0,0,0,0,0,0,0,0
TGoxX(36:02),TGox,668.5459,0,0,0,0,0,0,0,0,0.009,0.008,0,0,0,0,0,0,0
TGoxX(39:00),TGox,714.6241,0,0,0,0,0,0,0.023,0,0,0,0,0,0,0.028,0,0.015,0
TGoxX(40:00),TGox,728.6398,0,0,0,0,0,0,0,0,0,0,0,0,0,0,0,0,0
TGoxX(41:03),TGox,736.6085,0,0,0,0.012,0,0,0,0,0,0.014,0,0.002,0.014,0,0,0,0
TGoxX(45:04),TGox,790.6554,0.237,0.201,0.32,0.065,0.185,0.164,0.147,0.085,0.39,0.514,0.406,0.225,0.357,0.091,0.103,0.145,0.109
TGoxX(54:00),TGox,924.8589,0,0,0,0,0,0,0,0,0,0,0,0,0,0,0,0,0
TGoxX(54:01),TGox,922.8433,0,0,0.014,0.087,0,0,0.02,0,0,0,0,0,0.029,0,0,0,0
TGoxX(56:02),TGox,948.8589,0,0,0,0,0,0,0,0,0.007,0,0,0,0,0,0,0,0
TGoxX(56:08),TGox,936.765,0,0,0,0,0,0,0,0,0.008,0.015,0,0,0,0,0,0,0
TGoxX(57:03),TGox,960.8589,0,0,0.012,0,0,0,0,0,0,0,0,0.009,0,0,0,0,0
TGoxX(57:11)_[M+H]1+,TGox,944.7337,0,0,0,0,0,0,0,0,0,0,0,0,0,0,0,0,0
TGoxX(58:01),TGox,978.9059,0,0,0,0,0,0,0,0,0,0,0,0,0,0,0,0,0
TGoxX(58:10),TGox,960.765,0,0,0,0,0,0,0,0,0,0,0,0,0,0,0,0,0
TGoxX(59:08),TGox,978.812,0,0,0,0,0,0,0,0,0.008,0,0,0,0,1.24,0,0,0
TGoxX(59:10),TGox,974.7806,0,0,0,0,0.015,0,0,0,0,0,0,0,0,0,0,0,0
TGoxX(59:12),TGox,970.7493,0,0,0,0,0,0,0,0,0,0,0,0,0.015,0,0,0,0
TGoxX(60:03),TGox,1002.9059,0,0,0,0,0,0,0,0,0,0,0,0,0,0,0,0,0
TGoxX(63:01),TGox,1048.9841,0,0,0,0,0,0,0,0,0,0,0,0,0,0,0,0,0
TGoxX(63:06),TGox,1038.9059,0,0,0,0,0,0,0,0,0,0,0,0,0,0,0,0,0
TGoxX(64:02),TGox,1060.9841,0,0,0,0,0,0,0,0,0,0,0,0,0,0,0,0,0
TGoxX(65:03),TGox,1072.9841,0,0,0,0,0,0,0,0,0,0.006,0,0,0,0,0,0,0
TGoxX(65:11),TGox,1056.8589,0,0,0,0,0,0,0,0,0,0,0,0,0,0,0,0,0
TGoxX(66:04),TGox,1084.9841,0,0,0,0,0,0,0,0,0,0,0,0,0,0.022,0,0,0
TGoxX(66:11),TGox,1070.8746,0,0,0,0,0,0,0.015,0,0,0,0,0,0,0,0,0,0
